-- phpMyAdmin SQL Dump
-- version 4.1.14
-- http://www.phpmyadmin.net
--
-- Host: 127.0.0.1
-- Generation Time: Oct 31, 2017 at 07:00 PM
-- Server version: 5.6.17
-- PHP Version: 5.5.12

SET SQL_MODE = "NO_AUTO_VALUE_ON_ZERO";
SET time_zone = "+00:00";


/*!40101 SET @OLD_CHARACTER_SET_CLIENT=@@CHARACTER_SET_CLIENT */;
/*!40101 SET @OLD_CHARACTER_SET_RESULTS=@@CHARACTER_SET_RESULTS */;
/*!40101 SET @OLD_COLLATION_CONNECTION=@@COLLATION_CONNECTION */;
/*!40101 SET NAMES utf8 */;

--
-- Database: `darewro`
--

-- --------------------------------------------------------

--
-- Table structure for table `address`
--

CREATE TABLE IF NOT EXISTS `address` (
  `addr_id` int(10) NOT NULL AUTO_INCREMENT,
  `title` varchar(255) NOT NULL,
  `parent_id` int(11) NOT NULL DEFAULT '0',
  PRIMARY KEY (`addr_id`)
) ENGINE=MyISAM  DEFAULT CHARSET=latin1 AUTO_INCREMENT=534 ;

--
-- Dumping data for table `address`
--

INSERT INTO `address` (`addr_id`, `title`, `parent_id`) VALUES
(239, 'Phase 6', 105),
(105, 'Hayatabad', 0),
(238, 'Phase 5', 105),
(237, 'Phase 4', 105),
(236, 'Phase 3', 105),
(235, 'Phase 2', 105),
(112, 'Sector D1', 107),
(113, 'Sector D2', 107),
(114, 'Sector D3', 107),
(115, 'Sector D4', 107),
(116, 'Sector E1', 107),
(117, 'Sector E2', 107),
(118, 'Sector E3', 107),
(119, 'Sector D5', 107),
(120, 'Sector G1', 106),
(121, 'Sector G2', 106),
(122, 'Sector G3', 106),
(123, 'Sector G4', 106),
(124, 'Sector J1', 106),
(125, 'Sector J2', 106),
(126, 'Sector J3', 106),
(127, 'Sector J4', 106),
(128, 'Sector J5', 106),
(129, 'Sector H1', 106),
(130, 'Sector H2', 106),
(131, 'Sector H3', 106),
(255, 'Sector G2', 235),
(254, 'Sector G1', 235),
(253, 'Sector J5', 235),
(252, 'Sector J4', 235),
(251, 'Sector J3', 235),
(250, 'Sector J2', 235),
(249, 'Sector J1', 235),
(248, 'Sector E3', 234),
(247, 'Sector E2', 234),
(246, 'Sector E1', 234),
(245, 'Sector D5', 234),
(244, 'Sector D4', 234),
(243, 'Sector D3', 234),
(242, 'Sector D2', 234),
(241, 'Sector J1', 235),
(240, 'Sector D1', 234),
(231, 'Sector F3/1', 110),
(233, 'Sector F 10', 110),
(229, 'Sector F9', 110),
(228, 'Sector F8', 110),
(227, 'Sector F7', 110),
(226, 'Sector F6', 110),
(225, 'Sector F5', 110),
(224, 'Sector F4', 110),
(223, 'Sector F3', 110),
(222, 'Sector F2', 110),
(221, 'Sector F1', 110),
(220, 'Sector C4', 164),
(219, 'Sector C3', 164),
(218, 'Sector C2', 164),
(217, 'Sector C1', 164),
(234, 'Phase 1', 105),
(166, 'Board', 0),
(167, 'Peshawar University', 0),
(168, 'Palosay Road', 0),
(169, 'Canal Road', 0),
(170, 'Town', 0),
(171, 'Arbab Road', 0),
(172, 'Defence', 0),
(173, 'Sadar', 0),
(174, 'Cant', 0),
(175, 'Shami Road', 0),
(176, 'Warsak Road', 0),
(177, 'Pajagi Road', 0),
(178, 'Faqeerabad', 0),
(179, 'Charsadda Road', 0),
(180, 'Dalazak Road', 0),
(181, 'Peshawar City', 0),
(182, 'Gulberg', 0),
(183, 'Khyber Road', 0),
(184, 'Main Gt Road', 0),
(257, 'Sector G4', 235),
(187, 'Askari 6', 165),
(188, 'Faisal Town', 165),
(214, 'Sector B1', 164),
(190, 'Tajabad', 166),
(191, 'Danishabad', 166),
(192, 'Muradabad', 166),
(193, 'Waheedabad', 166),
(256, 'Sector G3', 235),
(216, 'Sector B3', 164),
(215, 'Sector B2', 164),
(213, 'P2', 109),
(212, 'P1', 109),
(208, 'N1', 109),
(211, 'N4', 109),
(210, 'N3', 109),
(209, 'N2', 109),
(205, 'Sector A1', 164),
(206, 'Sector A2', 164),
(207, 'Sector A3', 164),
(258, 'Sector H1', 235),
(259, 'Sector H2', 235),
(260, 'Sector H3', 235),
(261, 'Sector H4', 235),
(262, 'Sector K6', 236),
(263, 'Sector K1', 236),
(264, 'Sector K2', 236),
(265, 'Sector K3', 236),
(266, 'Sector K4', 236),
(267, 'Sector K5', 236),
(268, 'Sector L1', 236),
(269, 'Sector L2', 236),
(270, 'Sector L3', 236),
(271, 'Sector N1', 237),
(272, 'Sector N2', 237),
(273, 'Sector N3', 237),
(274, 'Sector N4', 237),
(275, 'Sector P1', 237),
(276, 'Sector P2', 237),
(277, 'Sector A1', 238),
(278, 'Sector A2', 238),
(279, 'Sector A3', 238),
(280, 'RMC', 238),
(281, 'Northwest Hospital', 238),
(282, 'Sector B1', 238),
(283, 'Sector B2', 238),
(284, 'Sector B3', 238),
(285, 'RMI', 238),
(515, 'Nothia qadeem', 0),
(287, 'Sector C1', 238),
(288, 'Sector C2', 238),
(289, 'Sector C3', 238),
(290, 'Sector C4', 238),
(291, 'Sector F1', 239),
(292, 'Sector F2', 239),
(293, 'Sector F3', 239),
(294, 'Sector F3/1', 239),
(295, 'Sector F4', 239),
(296, 'Sector F5', 239),
(297, 'Sector F6', 239),
(298, 'Sector F7', 239),
(299, 'Sector F8', 239),
(300, 'Sector F9', 239),
(301, 'Sector F10', 239),
(307, 'Sector E5', 304),
(306, 'Imsciences', 305),
(304, 'Phase 7', 105),
(305, 'Sector E4', 304),
(308, 'Sector E6', 304),
(309, 'Sector E7', 304),
(518, 'sector E8', 304),
(312, 'Police Colony', 165),
(505, 'Bilour Plaza', 382),
(504, 'Fakhr e Alam Road', 173),
(315, 'Gulabad', 166),
(318, 'Akbar Town', 317),
(319, 'Naimat mahal', 191),
(320, 'Akbar Town', 191),
(321, 'KMC', 167),
(322, 'UET', 167),
(323, 'Professor''s Colony', 167),
(324, 'KCD', 167),
(325, 'Islamia College', 167),
(326, 'Cena Hall', 167),
(327, 'Qasim Hall', 167),
(328, 'Razi Hall', 167),
(329, 'Jinnah college for women', 167),
(330, 'Agriculture University', 167),
(331, 'Imstudies', 167),
(332, 'Islamic Centre', 167),
(333, 'Tribal Girls Hostel', 167),
(334, 'Pakistan Forest Institute', 167),
(335, 'Lalazar Colony', 167),
(336, 'Rahatabad', 168),
(507, 'Junaid Jamshed', 382),
(338, 'Amanabad', 168),
(339, 'Forest Bazar', 168),
(341, 'Hujjaj Street', 169),
(342, 'Gulshan Street', 169),
(343, 'Lakharabad', 169),
(344, 'Gandahara Girls Hostel 1', 343),
(345, 'Gandahara Girls Hostel 2', 343),
(346, 'Gandahara Girls Hostel 3', 343),
(347, 'Academy Town', 170),
(348, 'School Road', 170),
(349, 'Old Jamrud Road', 170),
(350, 'Old Bara Road', 170),
(351, 'Hadi Lane', 350),
(352, 'Salar Lane', 350),
(353, 'Rehman Baba Road', 350),
(354, 'Khushhal Khan Khattak Road', 350),
(506, 'Time Centre', 382),
(356, 'Abdarra Road', 170),
(358, 'Park Road', 170),
(359, 'Park Lane', 358),
(360, 'Chinar Road', 170),
(361, 'Sifat Ghayor Road/Railway Road', 170),
(362, 'Mulberry Road', 170),
(363, 'Circular Road', 170),
(364, 'Syed Jamaluddin Afghani Road', 170),
(365, 'Gul  Mohar road', 170),
(366, 'Sahibzada Abdul Qayyum road', 170),
(367, 'Shaheen Town', 171),
(368, 'Jehangerabad', 171),
(369, 'Usmania lane', 171),
(370, 'Bilal Lane', 171),
(371, 'Gulshan e iqbal', 171),
(372, 'Tehkal', 171),
(373, 'Bilal Shah Hujra', 372),
(374, 'Askari1', 172),
(375, 'Askari3', 172),
(376, 'Street', 172),
(377, 'Qafla Road', 172),
(378, 'SD houses', 377),
(508, 'GPO', 382),
(381, 'Tipu Sultan Road', 173),
(382, 'Main Sadar Road', 173),
(513, 'Saeedabad Number 2', 448),
(512, 'Saeedabad Number 1', 448),
(511, 'Abdali Road', 174),
(388, 'Bobby Plaza', 171),
(389, 'Rsheen', 171),
(390, 'Prince Bookshop', 171),
(391, 'London Bookshop', 171),
(392, 'Molako', 171),
(393, 'Deans', 0),
(394, 'LG', 393),
(395, 'UG', 393),
(396, 'FF', 393),
(397, 'SF', 393),
(398, 'TF', 393),
(399, 'Gora Bazar', 0),
(400, 'Hali street', 399),
(401, 'Jinnah Street  1', 400),
(402, 'Shibli Street', 399),
(403, 'Jinnah Street 2', 402),
(404, 'Askari 5', 174),
(405, 'Airport', 174),
(406, '68 the mall', 174),
(407, 'Fort Road', 174),
(408, 'Machni Road', 174),
(409, 'Gunner Road', 174),
(410, 'Baber Road', 174),
(411, 'Tariq Road', 174),
(412, 'Rafique Road', 174),
(413, 'Artillery road', 174),
(414, 'Sahibzada Abdul Qayyum Road', 174),
(415, 'Civil Secretariat', 174),
(416, 'Police Line', 174),
(417, 'Mall Road', 174),
(418, 'CMH', 417),
(419, 'Old shami Road', 175),
(420, 'Golf club', 419),
(421, 'New Shami Road', 175),
(422, 'Race Course Garden', 175),
(423, 'Hassangari', 175),
(424, 'WapdaHouse', 175),
(425, 'FG colony', 175),
(426, 'Pmc', 176),
(427, 'Askari 4', 176),
(428, 'Abshar Colony', 176),
(429, 'Irshadabad', 176),
(430, 'Park View Apartments', 176),
(431, 'Prime Hospital', 176),
(432, 'Fata Secretariat', 176),
(433, 'Jinnah Medical College', 176),
(434, 'Officer Garden Colony', 176),
(435, 'Darmangi Garden', 176),
(436, 'Civil Colony', 176),
(437, 'Northern Garden Colony', 176),
(438, 'City Villas', 176),
(439, 'Zai Apartments', 176),
(440, 'Shahlimar Colony', 176),
(441, 'Sabz Ali Town', 176),
(442, 'Executive Lodges', 441),
(443, 'Khushal Bagh', 176),
(444, 'Sher Ali town', 443),
(445, 'Peshawar Model Town', 176),
(446, 'Tableeghi Markaz', 177),
(447, 'Basheerabad', 177),
(448, 'Saeedabad', 177),
(449, 'Malakabad', 177),
(450, 'Madina Colony', 177),
(451, 'Khwaja Town', 177),
(452, 'Zaryabcolony', 178),
(453, 'Afghancolony', 178),
(454, 'Ashrafya colony', 179),
(455, 'Larama Univeristy', 179),
(456, 'Faisal Colony', 180),
(457, 'Momin Town', 180),
(458, 'Yousafabad', 180),
(459, 'Corporation colony', 180),
(460, 'Shinwari Town', 180),
(461, 'City university', 180),
(462, 'Peshawar Model Girls College', 180),
(463, 'Saeedabad', 180),
(464, 'Saeedabad Number 1', 448),
(465, 'Saeedabad Number 2', 448),
(466, 'Shoba Bazar', 181),
(467, 'Khyber Bazar', 181),
(468, 'Qissa Khwani', 181),
(469, 'Jangi Mohallah', 181),
(470, 'Gor Ghatri', 181),
(471, 'Chowk Yadgar', 181),
(472, 'Namak Mandi', 181),
(473, 'Tehsil', 181),
(474, 'Kohati', 181),
(475, 'Yakatoot', 181),
(476, 'Asiya Gate', 181),
(477, 'Serki Gate', 181),
(478, 'Lahori Gate', 181),
(479, 'Ganj Gate', 181),
(480, 'Hussainabad', 181),
(481, 'Hussainabad 1', 480),
(482, 'Hussainabad 2', 480),
(483, 'Gulberg1', 182),
(484, 'Gulberg2', 182),
(485, 'Gulberg3', 182),
(486, 'Falcon Complex', 183),
(487, 'PC  hotel', 183),
(488, 'Kachahre', 183),
(489, 'Highcourt', 183),
(490, 'NC Flats', 183),
(491, 'LRH', 184),
(492, 'Nishtarabad', 184),
(493, 'Sikandar town', 184),
(494, 'Hashtnagri', 184),
(495, 'Bilal Town', 184),
(496, 'Firdous', 184),
(497, 'Gulbahar', 0),
(498, 'Gulbahar 1', 497),
(499, 'Gulbahar 2', 497),
(500, 'Gulbahar 3', 497),
(501, 'Gulbahar 4', 497),
(502, 'Gulbahar 5', 497),
(503, 'KGMC', 238),
(509, 'Falaksair Plaza', 382),
(514, 'Saeedabad Number 1', 448),
(516, 'Kohat Road', 0),
(520, 'Sector E9', 304),
(523, '', 308),
(524, 'Ring road', 0),
(525, 'Jamil chowk', 524),
(526, '', 418),
(527, '', 418),
(528, '', 418),
(529, '', 418),
(530, '', 418),
(531, '', 418),
(532, '', 321),
(533, '', 338);

-- --------------------------------------------------------

--
-- Table structure for table `ci_sessions`
--

CREATE TABLE IF NOT EXISTS `ci_sessions` (
  `session_id` varchar(40) NOT NULL DEFAULT '0',
  `ip_address` varchar(45) NOT NULL DEFAULT '0',
  `user_agent` varchar(200) NOT NULL,
  `last_activity` int(10) unsigned NOT NULL DEFAULT '0',
  `user_data` text NOT NULL,
  PRIMARY KEY (`session_id`),
  KEY `last_activity_idx` (`last_activity`)
) ENGINE=InnoDB DEFAULT CHARSET=utf8;

--
-- Dumping data for table `ci_sessions`
--

INSERT INTO `ci_sessions` (`session_id`, `ip_address`, `user_agent`, `last_activity`, `user_data`) VALUES
('0c308d24c7e1f6b3e08f968e33aac9bc', '::1', 'Mozilla/5.0 (Windows NT 6.3; Win64; x64) AppleWebKit/537.36 (KHTML, like Gecko) Chrome/61.0.3163.100 Safari/537.36', 1509358917, ''),
('1b874e0c2fa7db4cebcebfe9ed90519c', '::1', 'Mozilla/5.0 (Windows NT 6.3; Win64; x64) AppleWebKit/537.36 (KHTML, like Gecko) Chrome/61.0.3163.100 Safari/537.36', 1509355750, ''),
('24e5812ee23a0a0cf9f4c0dd4dc46902', '::1', 'Mozilla/5.0 (Windows NT 6.3; Win64; x64) AppleWebKit/537.36 (KHTML, like Gecko) Chrome/61.0.3163.100 Safari/537.36', 1509355746, ''),
('ad4e90676d38a0ee6f461f48f3e61ee0', '::1', 'Mozilla/5.0 (Windows NT 6.3; Win64; x64) AppleWebKit/537.36 (KHTML, like Gecko) Chrome/61.0.3163.100 Safari/537.36', 1509355745, 'a:9:{s:9:"user_data";s:0:"";s:7:"user_id";s:1:"8";s:10:"user_email";s:15:"admin@gmial.com";s:10:"user_title";s:5:"admin";s:7:"role_id";s:1:"2";s:16:"role_homepage_id";s:2:"59";s:17:"role_homepage_uri";s:15:"order/add_order";s:7:"dept_id";s:1:"1";s:9:"logged_in";b:1;}'),
('b9fb8384f6eb782f49789dcc034d71ca', '::1', 'Mozilla/5.0 (Windows NT 6.3; Win64; x64) AppleWebKit/537.36 (KHTML, like Gecko) Chrome/61.0.3163.100 Safari/537.36', 1509358800, '');

-- --------------------------------------------------------

--
-- Table structure for table `colddrink`
--

CREATE TABLE IF NOT EXISTS `colddrink` (
  `colddrink_id` int(10) NOT NULL AUTO_INCREMENT,
  `colddrink_name` varchar(255) NOT NULL,
  `liter` double NOT NULL,
  `o_id` int(10) NOT NULL,
  PRIMARY KEY (`colddrink_id`)
) ENGINE=InnoDB  DEFAULT CHARSET=latin1 AUTO_INCREMENT=23 ;

--
-- Dumping data for table `colddrink`
--

INSERT INTO `colddrink` (`colddrink_id`, `colddrink_name`, `liter`, `o_id`) VALUES
(18, '3', 0, 2),
(19, '1', 0, 2),
(20, '1', 0, 3),
(21, '1', 0, 23),
(22, '2', 0, 23);

-- --------------------------------------------------------

--
-- Table structure for table `crud_coldrinks`
--

CREATE TABLE IF NOT EXISTS `crud_coldrinks` (
  `colddrink_id` int(10) NOT NULL AUTO_INCREMENT,
  `colddrink` varchar(100) NOT NULL,
  PRIMARY KEY (`colddrink_id`)
) ENGINE=InnoDB  DEFAULT CHARSET=latin1 AUTO_INCREMENT=7 ;

--
-- Dumping data for table `crud_coldrinks`
--

INSERT INTO `crud_coldrinks` (`colddrink_id`, `colddrink`) VALUES
(1, 'Pepsi(1ltr)'),
(2, '7up(2ltr)'),
(3, 'Coke(1.5ltr)'),
(4, 'Sting(0.75ltr)'),
(5, 'Pepsi(1.5ltr)'),
(6, '7UP(1.5ltr)');

-- --------------------------------------------------------

--
-- Table structure for table `crud_timeprice`
--

CREATE TABLE IF NOT EXISTS `crud_timeprice` (
  `time_price_id` int(10) NOT NULL AUTO_INCREMENT,
  `time` varchar(45) NOT NULL,
  `price` varchar(100) NOT NULL,
  PRIMARY KEY (`time_price_id`)
) ENGINE=MyISAM  DEFAULT CHARSET=latin1 AUTO_INCREMENT=16 ;

--
-- Dumping data for table `crud_timeprice`
--

INSERT INTO `crud_timeprice` (`time_price_id`, `time`, `price`) VALUES
(13, '90', '200'),
(12, '60', '150'),
(11, '40', '100'),
(14, '120', '250'),
(15, '300', '300');

-- --------------------------------------------------------

--
-- Table structure for table `customer`
--

CREATE TABLE IF NOT EXISTS `customer` (
  `customer_id` int(11) NOT NULL AUTO_INCREMENT,
  `cellno` varchar(50) NOT NULL,
  `cust_name` varchar(100) NOT NULL,
  `comment` varchar(255) NOT NULL,
  PRIMARY KEY (`customer_id`)
) ENGINE=InnoDB  DEFAULT CHARSET=latin1 AUTO_INCREMENT=472 ;

--
-- Dumping data for table `customer`
--

INSERT INTO `customer` (`customer_id`, `cellno`, `cust_name`, `comment`) VALUES
(409, '03009353932', 'obaid afridi', 'lazy programmer'),
(410, '03139647490', 'Waseem khan', 'In hurry as usual'),
(411, '03139647490', 'Waseem khan', 'In hurry as usual'),
(412, '03139647490', 'Waseem khan', 'In hurry as usual'),
(413, '03139647490', 'Waseem khan', 'In hurry as usual'),
(414, '09150205552', 'nasir', 'none'),
(415, '09150205552', 'nasir', 'none'),
(416, '09150205552', 'nasir', 'none'),
(417, '03139647490', 'Waseem khan', 'In hurry as usual'),
(418, '03139647490', 'Waseem khan', 'In hurry as usual'),
(444, '03085451369', 'Waseem khan', 'In hurry'),
(445, '03085451369', 'Waseem khan', 'In hurry as usual'),
(446, '03085451369', 'Waseem khan', 'In hurry as usual'),
(450, '03110095711', 'kamran', 'no comments yet'),
(453, '0000111133333', 'zeshan', 'no comments yet'),
(454, '0000111133333', 'zeshan', 'no comments yet'),
(455, '0000111133333', 'zeshan', 'no comments yet'),
(457, '0000111133333', 'zeshan', 'no comments yet'),
(458, '0000111133333', 'zeshan', 'no comments yet'),
(461, '03118864433', 'no name', 'no comments yet'),
(462, '000033332222', 'khan', 'no comments yet'),
(463, '55555', 'kkkkk', 'kkkkk'),
(464, '00000000', 'no name', 'some comments'),
(465, 'dfddsffds', 'sdfd', 'dfssfd'),
(466, '03349053015', 'new 1', 'really nice and hard worker'),
(467, '3331234567', 'sdfd', 'sdf'),
(468, '45454233232', 'gdgdhd', 'no comments yet'),
(469, '6125845', 'hrrhtt', 'no comments yet'),
(470, '45454', 'gdgdhd', ''),
(471, '03364045845', 'zeshan', '');

-- --------------------------------------------------------

--
-- Table structure for table `departments`
--

CREATE TABLE IF NOT EXISTS `departments` (
  `dept_id` int(11) NOT NULL AUTO_INCREMENT,
  `parent_id` int(11) NOT NULL DEFAULT '0',
  `dept_title` varchar(255) DEFAULT NULL,
  `dept_status` tinyint(4) DEFAULT '1',
  `created_by` int(11) DEFAULT NULL,
  `created_date` timestamp NOT NULL DEFAULT CURRENT_TIMESTAMP,
  `last_updated` datetime DEFAULT NULL,
  `last_updated_by` int(11) DEFAULT NULL,
  PRIMARY KEY (`dept_id`)
) ENGINE=InnoDB  DEFAULT CHARSET=utf8 AUTO_INCREMENT=4 ;

--
-- Dumping data for table `departments`
--

INSERT INTO `departments` (`dept_id`, `parent_id`, `dept_title`, `dept_status`, `created_by`, `created_date`, `last_updated`, `last_updated_by`) VALUES
(1, 0, 'Stepnex Services Private Limited', 1, 1, '2017-05-04 13:39:58', NULL, NULL),
(3, 1, 'Software House', 1, 1, '2014-12-12 05:50:09', NULL, NULL);

-- --------------------------------------------------------

--
-- Table structure for table `food_category`
--

CREATE TABLE IF NOT EXISTS `food_category` (
  `fc_id` int(11) NOT NULL AUTO_INCREMENT,
  `fc_name` varchar(100) NOT NULL,
  PRIMARY KEY (`fc_id`)
) ENGINE=MyISAM  DEFAULT CHARSET=latin1 AUTO_INCREMENT=131 ;

--
-- Dumping data for table `food_category`
--

INSERT INTO `food_category` (`fc_id`, `fc_name`) VALUES
(2, 'Mutton'),
(3, 'Chicken BBQ'),
(4, 'Chicken Karahi'),
(5, 'Haandies'),
(6, 'Fish'),
(7, 'Penda'),
(8, 'Batair'),
(9, 'Rice'),
(10, 'Angara Dishes'),
(11, 'Platter'),
(12, 'Seikh Kabab'),
(13, 'Chow Mein'),
(14, 'Desi Dishes'),
(15, 'Salad Sweets & Drinks etc'),
(16, 'Lunch Boxes'),
(17, 'Burgers'),
(18, 'Pizza'),
(19, 'Fries'),
(20, 'Flame-Grilled Burgers'),
(21, 'King Deal'),
(22, 'Sides'),
(23, 'King JR'),
(24, 'Crispy & Tender'),
(25, 'Share Like Royals'),
(26, 'Budget Bites'),
(27, 'Beverages'),
(28, 'Desserts'),
(29, 'Juice'),
(30, 'BBQ Specialities'),
(31, 'Chief Bakery Menu'),
(32, 'Soft Drinks'),
(33, 'Starters Appetizers'),
(34, 'Salad'),
(35, 'Sandwiches'),
(36, 'Lasagne Deals'),
(37, 'Pastas Speciality'),
(38, 'Afghani Speciality'),
(39, 'Sizzling Steaks'),
(40, 'New Edition'),
(41, 'Chinese'),
(42, 'Chef''s Recommendation'),
(43, 'Chief Favorites'),
(44, 'Side Orders'),
(45, 'Sweet Temptations'),
(46, 'Habibi''s Special Top 10'),
(47, 'Habibi Special Soup'),
(48, 'Habibi''s Handi Selection'),
(49, 'Karahi & Curries'),
(50, 'Roast'),
(51, 'Chapli Kabab'),
(52, 'Habibi''s Taka Tak Bazaar'),
(53, 'Fried Favourites'),
(54, 'NAN'),
(55, 'Desserts & Ice Cream'),
(56, 'Habibi Standard Lunch Box'),
(57, 'Chip-a-Holics'),
(58, 'Burger Heads'),
(59, 'Kids Meals'),
(60, 'Ice Cream'),
(61, 'Shakes'),
(62, 'Drinks'),
(63, '300 Bites'),
(64, 'Add on'),
(65, 'Upsize your Combo Meal'),
(66, 'Chips Meal'),
(67, 'Signature Sauce'),
(68, 'Salads, Soups & Appetizers'),
(69, 'Chicken'),
(70, 'Beef'),
(71, 'Pastas'),
(72, 'Smoothies, Shakes & Coffees'),
(73, 'Coffees'),
(74, 'Latte'''),
(75, 'Flavored'),
(76, 'Traskoon Bar-B.Q'),
(77, 'Traskoon Special Fish'),
(78, 'Traskoon Special Mutton & Chicken'),
(79, 'Special Arabian Platter'),
(80, 'Usmania Specialites'),
(81, 'Handi'),
(82, 'Pakistani Foods'),
(83, 'English Foods'),
(84, 'Steak (Sizzling)'),
(85, 'Snacks'),
(86, 'Sea Food'),
(87, 'Usmania Special BBQ Platter'),
(88, 'Usmania Special BBQ Dishes'),
(89, 'Nan (Tandori)'),
(90, 'Chicken Dishes'),
(91, 'Beef Dishes'),
(92, 'Noodles'),
(93, 'Charsi Special'),
(94, 'BBQs'),
(95, 'Steam'),
(96, 'Salad Bar'),
(97, 'Lunch/Dinner Box'),
(98, 'Appetizers'),
(99, 'Seafood'),
(100, 'Poultry'),
(101, 'Seasonal Fresh Juices'),
(102, 'Mocktails'),
(103, 'Smoothies'),
(104, 'Hot Beverages'),
(105, 'Mega Bites'),
(106, 'Wings'),
(107, 'Recommendations'),
(108, 'Pizza Pasta'),
(109, 'Pasta Moroso'),
(110, 'Shawarma & Paratha Roll'),
(111, 'Panini'),
(112, 'Moroso Special Roll'),
(113, 'Petto Pone'),
(114, 'Pizza & Burgers Deal'),
(115, 'Rice & Other'),
(116, 'Continental'),
(117, 'Chicken Pieces'),
(118, 'Meal & Deal'),
(119, 'Steaks'),
(120, 'Hot & Cold'),
(121, 'French Fries'),
(122, 'Chicken Wings'),
(123, 'Pulao'),
(124, 'Jalil Special Kabab'),
(125, 'Chicken Fried'),
(126, 'Chief Fried Chicken'),
(127, 'Rolls'),
(128, 'Appetizers / Side Orders'),
(129, 'Steam Soup'),
(130, 'Hot Drinks');

-- --------------------------------------------------------

--
-- Table structure for table `food_menu`
--

CREATE TABLE IF NOT EXISTS `food_menu` (
  `fm_id` int(10) NOT NULL AUTO_INCREMENT,
  `food_name` varchar(255) NOT NULL,
  `price` varchar(255) NOT NULL,
  `quantity` varchar(255) DEFAULT NULL,
  `desc` varchar(255) DEFAULT NULL,
  `food_type` int(11) NOT NULL,
  `res_id` int(10) NOT NULL,
  PRIMARY KEY (`fm_id`)
) ENGINE=InnoDB  DEFAULT CHARSET=latin1 AUTO_INCREMENT=1587 ;

--
-- Dumping data for table `food_menu`
--

INSERT INTO `food_menu` (`fm_id`, `food_name`, `price`, `quantity`, `desc`, `food_type`, `res_id`) VALUES
(1, 'Hot & Sour Soup', '80', 'per Bowl', '', 1, 1),
(2, 'Hot & Sour Soup', '350', 'Serves 4', '', 1, 1),
(3, 'Chicken Corn Soup', '80', 'per Bowl', '', 1, 1),
(4, 'Chicken Corn Soup', '350', 'Serves 4', '', 1, 1),
(5, 'Chicken Vegetable Soup', '80', 'per Bowl', '', 1, 1),
(6, 'Chicken Vegetable Soup', '350', 'Serves 4', '', 1, 1),
(7, 'Vegetable Soup', '80', 'per Bowl', '', 1, 1),
(9, 'Mutton Dry BBQ', '1060', 'Per Kg', '', 2, 1),
(10, 'Mutton Karahi', '1060', 'Per Kg', '', 2, 1),
(11, 'Mutton Dampukh (Rosh)', '1060', 'Per Kg', '', 2, 1),
(12, 'Mutton Dampukh (Rosh)', '400', 'Per Dish', '', 2, 1),
(13, 'Chicken Dry BBQ Full', '480', 'Full Chicken', '', 3, 1),
(14, 'Chicken Steam Roast Full', '520', 'Full Chicken', '', 3, 1),
(15, 'Chicken Drum Sticks', '480', '8 Pieces', '', 3, 1),
(16, 'Chicken Malai Botti', '320', 'Per Dish', '', 3, 1),
(17, 'Desi Chicken Karahi', '900', 'Full Chicken', '', 4, 1),
(18, 'Chicken Karahi (Plain)', '600', 'Full Chicken', '', 4, 1),
(19, 'Chicken Karahi (Lum)', '680', '', '', 4, 1),
(20, 'Chicken Karahi (White)', '570', '', '', 4, 1),
(21, 'Chicken Karahi (Cream)', '670', '', '', 4, 1),
(22, 'Chicken Karahi ( Butter)', '670', '', '', 4, 1),
(23, 'Chicken Karahi (Boneless)', '420', '', '', 4, 1),
(24, 'Chicken Dampukh (Rosh)', '720', '', 'Traditionally Cooked in Fats (Lum),  Potatoes, Lemon Juice & Chills (Cooking Time 30 Minutes)', 4, 1),
(25, 'Chicken Lemon (Full)', '520', '', 'Cooked in Lemon Juice & Chills', 4, 1),
(26, 'Chicken Jalfaraizi', '350', '', '', 4, 1),
(27, 'Chicken Ginger', '350', '', '', 4, 1),
(28, 'Chicken Mughlai Haandi', '600', '', 'Boneless Chicken Cooked in Milk, Yogurt & Butter.', 5, 1),
(29, 'Chicken Red Haandi', '600', '', 'Boneless Chicken Cooked in Vegetables Sauce)', 5, 1),
(30, 'Beef Haandi (Boneless)', '470', '', 'Available in Red & White Sauces)', 5, 1),
(31, 'Daal-E-Mash Haandi', '350', '', '', 5, 1),
(32, 'Mutton Handi', '650', 'Per Kg', '', 5, 1),
(33, 'Fish BBQ', '500', 'Per Kg', 'Seasonal Fresh Fish, Silver, Masher, Raho', 6, 1),
(34, 'Fish Fry', '500', 'Per Kg', 'Seasonal Fresh Fish, Silver, Masher, Raho', 6, 1),
(35, 'Fish Grill', '500', 'Per Kg', 'Seasonal Fresh Fish, Silver, Masher, Raho', 6, 1),
(36, 'Chicken Penda (Legs)', '900', '', 'With Chicken Legs Topping , Serves 4,  Cooking Time 30 Mints', 7, 1),
(37, 'Chicken Penda (Full)', '920', '', 'With Whole full Chicken Topping Serves 4', 7, 1),
(38, 'Desi Chicken Penda', '1200', '', 'Desi Chicken (With Skin, Topping, Serves 4', 7, 1),
(39, 'Mutton Penda', '1250', '', 'Delicious Penda with Mutton Topping, Serves 4', 7, 1),
(40, 'Batair BBQ', '120', 'Per Piece', '', 8, 1),
(41, 'Batair Karahi', '600', '5 Piece', '', 8, 1),
(42, 'Batair Haandi', '500', '4 Piece', '', 8, 1),
(43, 'Qabli Pulao (with beef)', '350', 'Single Serving', '', 9, 1),
(44, 'Qabli Pulao (with special beef)', '700', '3 person serving', '', 9, 1),
(45, 'Qabli Pulao (With Mutton)', '500', 'Single Serving', '', 9, 1),
(46, 'Qabali Pulao (with Chicken)', '300', 'Single Serving', '', 9, 1),
(47, 'Biryani with chicken', '300', 'Single Serving', '', 9, 1),
(48, 'Biryani with beef', '300', 'Single Serving', '', 9, 1),
(49, 'Biryani with seikh kabab', '300', 'Single Serving', '', 9, 1),
(50, 'Chicken Fried Rice', '300', 'Single Serving', '', 9, 1),
(51, 'Plain Rice', '220', 'Single Serving', '', 9, 1),
(52, 'Fish Angara', '600', 'Serves 2', 'Angara Dishes are tasty Dishes cooked in fats (Lums) Lemon Juice & Aluminum Foil)', 10, 1),
(53, 'Chicken Angara', '600', 'Serves 2', 'Angara Dishes are tasty Dishes cooked in fats (Lums) Lemon Juice & Aluminum Foil)', 10, 1),
(54, 'Mini Platter', '800', 'Serves 2', 'Seven Different Type of Dishes mostly BBQ with Rice & Haandi of your own choice.', 11, 1),
(55, 'Small Platter', '2000', 'Serves 4', 'Seven Different Type of Dishes mostly BBQ with Rice & Haandi of your own choice.', 11, 1),
(56, 'Large Platter', '2500', 'Serves 6', 'Seven Different Type of Dishes mostly BBQ with Rice & Haandi of your own choice.', 11, 1),
(57, 'Seikh Kabab BBQ', '260', '6 Pieces', '', 12, 1),
(58, 'Seikh Kabab Karahi', '320', '6 Pieces', '', 12, 1),
(59, 'Chicken Chow Mein', '360', '', '', 13, 1),
(60, 'Beef Chow Mein', '320', '', '', 13, 1),
(61, 'Maghaz Masala', '360', 'Per Dish', '', 14, 1),
(62, 'Boneless Beef Karahi', '440', 'Per Dish', '', 14, 1),
(63, 'Shahi Daal', '240', 'Per Dish', '', 14, 1),
(64, 'Mix Vegetable', '220', 'Per Dish', '', 14, 1),
(65, 'Beef Dopyaza', '420', 'Per Dish', '', 14, 1),
(66, 'Salad', '70', 'Per Cup', '', 15, 1),
(67, 'Raita', '60', 'Per Cup', '', 15, 1),
(68, 'Nan', '20', 'Per Piece', '', 15, 1),
(69, 'Green Tea', '60', 'Per Set', '', 15, 1),
(70, 'Kheer', '300', 'Per Kg', '', 15, 1),
(71, 'Kheer', '50', 'Per Cup', '', 15, 1),
(72, 'Mineral Water 1.5 Liters', '70', 'Per Bottle', '', 15, 1),
(73, 'Lassi (Namkeen, Meeti)', '150', 'Per Jug', '', 15, 1),
(74, 'Soft Drink (Regular)', '30', 'Per Bottle', '', 15, 1),
(75, 'Soft Drink (Can)', '50', 'Per Can', '', 15, 1),
(76, 'Soft Drink 1.5 Liters', '100', 'Per Bottle', '', 15, 1),
(77, 'Qulfi', '60', 'Per Cup', '', 15, 1),
(78, 'UTH Special Lunch/Dinner Box', '360', '', '1 Chicken BBQ, 1 Mutton Tikka, 2 Shami Kabab, 1 Roghni Nan, 1 Fresh Fuit, Juice 1, Russain Salad.', 16, 1),
(79, 'Surprise Lunch Box', '340', '', 'Plain Rice, Chicken Drum Stick 2 Piece, Shami Kabab 2 Piece, Seikh Kabab 1 Piece, Juice 1 Piece.', 16, 1),
(80, 'Regular Lunch Box', '320', '', 'Chicken BBQ 1 Piece, Shami Kabab 1 Piece, Seikh Kabab 1 Piece, Plain Biryani, Juice 1 Piece', 16, 1),
(81, 'Mountan Burger', '310', 'Per Piece', '', 17, 1),
(82, 'Crispy Burger', '240', 'Per Piece', '', 17, 1),
(83, 'Strike Burger', '260', 'Per Piece', '', 17, 1),
(84, 'Fish Burger', '300', 'Per Piece', '', 17, 1),
(85, 'Big Bang Burger', '330', 'Per Piece', '', 17, 1),
(86, 'Boom Burger', '320', 'Per Piece', '', 17, 1),
(87, 'Special Pizza', '350', 'Small', '', 18, 1),
(88, 'Special Pizza', '700', 'Medium', '', 18, 1),
(89, 'Special Pizza', '850', 'Large', '', 18, 1),
(90, 'Chicken Tika Pizza', '350', 'Small', '', 18, 1),
(91, 'Chicken Tika Pizza', '650', 'Medium', '', 18, 1),
(92, 'Chicken Tika Pizza', '850', 'Large', '', 18, 1),
(93, 'Cheese Lover', '350', 'Small', '', 18, 1),
(94, 'Cheese Lover', '550', 'Medium', '', 18, 1),
(95, 'Cheese Lover', '850', 'Large', '', 18, 1),
(96, 'Calzone Pizza', '350', 'Small', '', 18, 1),
(97, 'Calzone Pizza', '700', 'Medium', '', 18, 1),
(98, 'Calzone Pizza', '850', 'Large', '', 18, 1),
(99, 'BBQ Pizza', '350', 'Small', '', 18, 1),
(100, 'BBQ Pizza', '650', 'Medium', '', 18, 1),
(101, 'BBQ Pizza', '850', 'Large', '', 18, 1),
(102, 'Fajita Pizza', '350', 'Small', '', 18, 1),
(103, 'Fajita Pizza', '650', 'Medium', '', 18, 1),
(104, 'Fajita Pizza', '850', 'Large', '', 18, 1),
(105, 'Plain Fries', '100', 'Regular', '', 19, 1),
(106, 'Plain Fries', '150', 'Large', '', 19, 1),
(107, 'Fire Fries', '150', 'Regular', '', 19, 1),
(108, 'Fire Fries', '200', 'Large', '', 19, 1),
(109, 'Mayo Fries', '150', 'Regular', '', 19, 1),
(110, 'Mayo Fries', '200', 'Large', '', 19, 1),
(111, 'Shawarma', '150', 'Regular', '', 19, 1),
(112, 'Original/Spicy Whopper', '585', '1 Meal', '', 20, 2),
(113, 'Double Whopper', '725', '2 Meal', '', 20, 2),
(114, 'Original Hot & Spicy Steak Burger', '660', '3 Meal', '', 20, 2),
(115, 'Big King', '510', '4 Meal', '', 20, 2),
(116, 'Double Decker (Chicken Tikka Burger)', '560', '1 Piece', '', 20, 2),
(117, 'Chicken Tikka Burger', '360', '1 Piece', '', 21, 2),
(118, 'Spicy Crispy Chicken Burger', '310', '1 Piece', '', 21, 2),
(119, 'Chicken Cheese Meal ', '310', '1 Piece', '', 21, 2),
(120, 'Whopper JrTM.', '310', '1 Piece', '', 21, 2),
(121, 'Chicken Fries (9 Pieces)', '260', '9 Pieces', '', 22, 2),
(122, 'Nuggets', '510', '12 Pieces', '', 22, 2),
(123, 'King Rings', '350', 'Large', '', 22, 2),
(124, 'Fries', '170', 'Large', '', 22, 2),
(125, 'Chicken Crisp', '340', '1 Piece', '', 23, 2),
(126, 'Spicy Beef', '340', '1 Piece', '', 23, 2),
(127, 'Tempura Nuggets', '340', '1 Piece', '', 23, 2),
(128, 'Original Spicy Chicken Whopper', '585', '5 Meal', '', 24, 2),
(129, 'Original Hot & Spicy Steak Burger', '660', '6 Meal', '', 24, 2),
(130, 'Spicy Tendercrisp', '550', '7 Meal', '', 24, 2),
(131, 'Long Chicken', '530', '8 Meal', '', 24, 2),
(132, 'Tendergrill Chicken', '550', '9 Meal', '', 24, 2),
(133, 'Chicken Big King', '510', '10 Meal', '', 24, 2),
(134, 'Big Fish Meal', '660', 'Big Meal', '', 24, 2),
(135, 'Tender Grill Chicken', '1190', '4 Serves', '2 Regular Fries, Chicken Crisp, Spicy Crispy Chicken, 1.5 Liter Bottle is valid for delivery only.', 25, 2),
(136, '2 Spicy Crispy Chicken', '1690', '4 Serves', '2 Regular Fries, 5 PC Tempura Nuggets, 1.5 Liter is valid for delivery only', 25, 2),
(137, 'Nuggets', '250', '6 Pieces', '', 26, 2),
(138, 'Spicy Crispy Chicken Burger', '210', '1 Piece', '', 26, 2),
(139, 'Reg Onion Rings', '200', '', '', 26, 2),
(140, 'Med French Fries', '125', '', '', 26, 2),
(141, 'Shakes (Chocolate, Strawberry, Vanilla)', '185', 'Medium', '', 27, 2),
(142, 'Shakes (Chocolate, Strawberry, Vanilla)', '250', 'Large', '', 27, 2),
(143, 'Vanilla Soft Serve Cone', '80', 'Per Cone', '', 28, 2),
(144, 'Sundaes (Chocolate, Strawberry, Carmel)', '175', 'Per Cone', '', 28, 2),
(145, 'Fresh Juice (Season Fruit)', '160', 'Per Serving', '', 29, 3),
(146, 'Special Tomato Soup', '200', 'Per Serving', 'no descriptions', 1, 3),
(147, 'Seafood Platter', '770', '', 'combination of variety of fish, served with garlic Rice', 30, 3),
(148, 'Afghani Mix Platter', '770', '', 'Five Skewer of Fish, Malai Boti, Tikka Boti, Seekh Kabab, Beef Tikka, Served with Kabuli Pallao & Mint Sauce', 30, 3),
(149, 'Afghani Seekh Kabab (Chicken & Beef)', '600', '', 'Four Skewer of BBQ Charcoal Grilled Kabab, Served with Kabuli Pallao & Mint Souce', 30, 3),
(150, 'Malai Boti', '660', '', 'Four  Skewer of BBQ Chicken Boti, Served with Kabuli Pallao and Min Sauce', 30, 3),
(151, 'Tikka Boti', '600', '', 'Four Skewer of BBQ Chicken Boti, Served with Kabuli Pallao & Mint Souce', 30, 3),
(152, 'BBQ Fish', '670', '', 'Four Skewer of Charcoal Grilled Fish, Served with Mint Sauce & Rice.', 30, 3),
(153, 'Nutella Cheese Cake', '200', '1 Piece', '', 31, 3),
(154, 'Nutella Cheese Cake', '1100', 'Full', '', 31, 3),
(155, 'Oreo Biscuit Cake', '150', '1 Piece', '', 31, 3),
(156, 'Oreo Biscuit Cake', '800', 'Full', '', 31, 3),
(157, 'Blue Berry Cheese Cake', '160', '1 Piece', '', 31, 3),
(158, 'Blue Berry Cheese Cake', '900', 'Full', '', 31, 3),
(159, 'Chocolate Biscuit Cake', '130', '1 Piece', '', 31, 3),
(160, 'Chocolate Biscuit Cake', '800', 'Full', '', 31, 3),
(161, 'Chocolate Brownie', '100', '', '', 31, 3),
(162, 'Almond Brownie', '70', '', '', 31, 3),
(163, 'Pepsi, 7up, M. Dew, Miranda', '30', '', '', 32, 3),
(164, 'Pepsi Can Small', '50', '', '', 32, 3),
(165, 'Pepsi Can Large', '60', '', '', 32, 3),
(166, 'Mineral Water Small', '50', '', '', 32, 3),
(167, 'Mineral Water Large', '70', '', '', 32, 3),
(168, 'Angel Eyes', '100', '', '', 32, 3),
(169, 'Pina Colada', '180', '', '', 32, 3),
(170, 'Fresh Juice (Season Fruits)', '160', '', '', 32, 3),
(171, 'Margarita (Mint, Apple, Pineapple, Lemon', '120', '', '', 32, 3),
(172, 'Coco Banana Shake', '150', '', '', 32, 3),
(173, 'Ice Cream Shake (Flavor on Choice)', '150', '', '', 32, 3),
(174, 'Slush', '80', '', '', 32, 3),
(175, 'Fresh Lemonade', '60', '', '', 32, 3),
(176, 'Coffee/Cappuccino', '90', '', '', 32, 3),
(177, 'Tea', '30', '', '', 32, 3),
(178, 'Strong Tea', '40', '', '', 32, 3),
(179, 'Green Tea', '20', '', '', 32, 3),
(180, 'Extra Tea Bag', '10', '', '', 32, 3),
(181, 'Cold Coffee', '150', '', '', 32, 3),
(182, 'Cocktail Margarita', '150', '', '', 32, 3),
(183, 'Ginger Margarita', '120', '', '', 32, 3),
(184, 'Chicken Nuggets ', '250', '', '', 33, 3),
(185, 'Chicken Herbs Tempura', '350', '', '', 33, 3),
(186, 'Golden Fried Prawn', '550', '', '', 33, 3),
(187, 'Fajita Nachos', '350', '', '', 33, 3),
(188, 'Prawn Cocktails', '490', '', '', 33, 3),
(189, 'Monticarlo Sandwich', '180', '', '', 33, 3),
(190, 'Beef Pie', '160', '', '', 33, 3),
(191, 'Loose Burger', '150', '', '', 33, 3),
(192, 'German Roll', '150', '', '', 33, 3),
(193, 'Chicken Egg Roll', '110', '', '', 33, 3),
(194, 'French Fries', '130', '', '', 33, 3),
(195, 'Chicken Wings', '240', '', '', 33, 3),
(196, 'Mexican Wings', '270', '', '', 33, 3),
(197, 'Garlic Bread With Cheese', '140', '', '', 33, 3),
(198, 'Garlic Bread with Butter', '140', '', '', 33, 3),
(199, 'Chicken Corn Soup', '120', '', '', 1, 3),
(200, 'Hot & Sour Soup', '140', '', '', 1, 3),
(201, 'Chicken Vegetable Soup', '130', '', '', 1, 3),
(202, 'Chief Special Soup', '180', '', '', 1, 3),
(203, 'Russian Salad (Large)', '140', '', '', 34, 3),
(204, 'Russian Salad (Small)', '80', '', '', 34, 3),
(205, 'Caesar Salad ', '250', '', '', 34, 3),
(206, 'Waldorf Salad', '200', '', '', 34, 3),
(207, 'Chicken Sandwich', '190', '', '', 35, 3),
(208, 'Chicken Cheese Sandwich', '220', '', '', 35, 3),
(209, 'Club Sandwich', '230', '', '', 35, 3),
(210, 'Roasted Beef Sandwich', '200', '', ' ', 35, 3),
(211, 'Grill Special Sandwich', '350', '', '', 35, 3),
(212, 'Vegetarian Sandwich', '150', '', '', 35, 3),
(213, 'Chicken Tikka Pizza ', '390', 'Small', 'Chees, Chicken, Green Pepper, Onion, Black Olives, Mushrooms', 18, 3),
(214, 'Chicken Tikka Pizza ', '660', 'Medium', 'Chees, Chicken, Green Pepper, Onion, Black Olives, Mushrooms', 18, 3),
(215, 'Chicken Tikka Pizza ', '920', 'Large', 'Chees, Chicken, Green Pepper, Onion, Black Olives, Mushrooms', 18, 3),
(216, 'Chicken Tikka Pizza ', '1230', 'Full', 'Chees, Chicken, Green Pepper, Onion, Black Olives, Mushrooms', 18, 3),
(217, 'Chief Special Pizza', '410', 'Small', 'Chees, Beef, Salami, Chicken, Sausages, Smoked Veal, Mushrooms Black Olives, Green Pepper, Onions', 18, 3),
(218, 'Chief Special Pizza', '650', 'Medium', 'Chees, Beef, Salami, Chicken, Sausages, Smoked Veal, Mushrooms Black Olives, Green Pepper, Onions', 18, 3),
(219, 'Chief Special Pizza', '930', 'Large', 'Chees, Beef, Salami, Chicken, Sausages, Smoked Veal, Mushrooms Black Olives, Green Pepper, Onions', 18, 3),
(220, 'Chief Special Pizza', '1240', 'Full', 'Chees, Beef, Salami, Chicken, Sausages, Smoked Veal, Mushrooms Black Olives, Green Pepper, Onions', 18, 3),
(221, 'Power Beef Pizza', '390', 'Small', 'Chees, Beef, Mushrooms, Hot Chili, Spice Green Pepper, Onions, Black Olives, Tomato', 18, 3),
(222, 'Power Beef Pizza', '640', 'Medium', 'Chees, Beef, Mushrooms, Hot Chili, Spice Green Pepper, Onions, Black Olives, Tomato', 18, 3),
(223, 'Power Beef Pizza', '920', 'Large', 'Chees, Beef, Mushrooms, Hot Chili, Spice Green Pepper, Onions, Black Olives, Tomato', 18, 3),
(224, 'Power Beef Pizza', '1230', 'Full', 'Chees, Beef, Mushrooms, Hot Chili, Spice Green Pepper, Onions, Black Olives, Tomato', 18, 3),
(225, 'B BQ Pizza', '390', 'Small', 'Cheese, BBQ Sauce, Chicken Cube, Green Pepper, Onion', 18, 3),
(226, 'B BQ Pizza', '700', 'Medium', 'Cheese, BBQ Sauce, Chicken Cube, Green Pepper, Onion', 18, 3),
(227, 'B BQ Pizza', '930', 'Large', 'Cheese, BBQ Sauce, Chicken Cube, Green Pepper, Onion', 18, 3),
(228, 'B BQ Pizza', '1240', 'Full', 'Cheese, BBQ Sauce, Chicken Cube, Green Pepper, Onion', 18, 3),
(229, 'Chief Choice Pizza', '410', 'Small', 'Extra Cheese, Beef, Salami, Chicken, Black Olives, Smoked Veal, Cheese, Green Pepper, Pineapple, Sausages, Mushroom', 18, 3),
(230, 'Chief Choice Pizza', '650', 'Medium', 'Extra Cheese, Beef, Salami, Chicken, Black Olives, Smoked Veal, Cheese, Green Pepper, Pineapple, Sausages, Mushroom', 18, 3),
(231, 'Chief Choice Pizza', '930', 'Large', 'Extra Cheese, Beef, Salami, Chicken, Black Olives, Smoked Veal, Cheese, Green Pepper, Pineapple, Sausages, Mushroom', 18, 3),
(232, 'Chief Choice Pizza', '1230', 'Full', 'Extra Cheese, Beef, Salami, Chicken, Black Olives, Smoked Veal, Cheese, Green Pepper, Pineapple, Sausages, Mushroom', 18, 3),
(233, 'Hunter Pizza', '380', 'Small', 'Cheese, Beef, Hunter Sausages, Onions Green Pepper, Mushroom, Black Olives.', 18, 3),
(234, 'Hunter Pizza', '640', 'Medium', 'Cheese, Beef, Hunter Sausages, Onions Green Pepper, Mushroom, Black Olives.', 18, 3),
(235, 'Hunter Pizza', '930', 'Large', 'Cheese, Beef, Hunter Sausages, Onions Green Pepper, Mushroom, Black Olives.', 18, 3),
(236, 'Hunter Pizza', '1230', 'Full', 'Cheese, Beef, Hunter Sausages, Onions Green Pepper, Mushroom, Black Olives.', 18, 3),
(237, 'Four Season Pizza', '380', 'Small', 'Cheese, Salami, Minced Chicken, Sausage, Minced Beef', 18, 3),
(238, 'Four Season Pizza', '650', 'Medium', 'Cheese, Salami, Minced Chicken, Sausage, Minced Beef', 18, 3),
(239, 'Four Season Pizza', '930', 'Large', 'Cheese, Salami, Minced Chicken, Sausage, Minced Beef', 18, 3),
(240, 'Four Season Pizza', '1230', 'Full', 'Cheese, Salami, Minced Chicken, Sausage, Minced Beef', 18, 3),
(241, 'Mexcian Chili Pizza', '380', 'Small', 'Cheese, Minced Beef, Onions, Topped With Corn, Green Pepper, Tomato.', 18, 3),
(242, 'Mexcian Chili Pizza', '650', 'Medium', 'Cheese, Minced Beef, Onions, Topped With Corn, Green Pepper, Tomato.', 18, 3),
(243, 'Mexcian Chili Pizza', '930', 'Large', 'Cheese, Minced Beef, Onions, Topped With Corn, Green Pepper, Tomato.', 18, 3),
(244, 'Mexcian Chili Pizza', '1230', 'Full', 'Cheese, Minced Beef, Onions, Topped With Corn, Green Pepper, Tomato.', 18, 3),
(245, 'Supper Supreme Pizza', '400', 'Small', 'Chicken, Tomato Paste, Cheese, Pineapple, Mixed Fruits, etc', 18, 3),
(246, 'Supper Supreme Pizza', '670', 'Medium', 'Chicken, Tomato Paste, Cheese, Pineapple, Mixed Fruits, etc', 18, 3),
(247, 'Supper Supreme Pizza', '930', 'Large', 'Chicken, Tomato Paste, Cheese, Pineapple, Mixed Fruits, etc', 18, 3),
(248, 'Supper Supreme Pizza', '1240', 'Full', 'Chicken, Tomato Paste, Cheese, Pineapple, Mixed Fruits, etc', 18, 3),
(249, 'All Rounder Pizza', '380', 'Small', '1/4" Bologna, 1/4'' Original, 1/4" Meaty, 1/4" Vegetarian.', 18, 3),
(250, 'All Rounder Pizza', '650', 'Medium', '1/4" Bologna, 1/4'' Original, 1/4" Meaty, 1/4" Vegetarian.', 18, 3),
(251, 'All Rounder Pizza', '930', 'Large', '1/4" Bologna, 1/4'' Original, 1/4" Meaty, 1/4" Vegetarian.', 18, 3),
(252, 'All Rounder Pizza', '1240', 'Full', '1/4" Bologna, 1/4'' Original, 1/4" Meaty, 1/4" Vegetarian.', 18, 3),
(253, 'Cheese Lover ', '330', 'Small', 'Only Cheese, Concasse Sauce', 18, 3),
(254, 'Cheese Lover ', '550', 'Medium', 'Only Cheese, Concasse Sauce', 18, 3),
(255, 'Cheese Lover ', '850', 'Large', 'Only Cheese, Concasse Sauce', 18, 3),
(256, 'Cheese Lover ', '1130', 'Full', 'Only Cheese, Concasse Sauce', 18, 3),
(257, 'Calzone Pizza', '420', 'Small', 'Cheese, Beef, Salami, Chicken, Sausages, Smoked Veal, Mushrooms, Black olives, Green Pepper, Onions.', 18, 3),
(258, 'Calzone Pizza', '640', 'Medium', 'Cheese, Beef, Salami, Chicken, Sausages, Smoked Veal, Mushrooms, Black olives, Green Pepper, Onions.', 18, 3),
(259, 'Calzone Pizza', '860', 'Large', 'Cheese, Beef, Salami, Chicken, Sausages, Smoked Veal, Mushrooms, Black olives, Green Pepper, Onions.', 18, 3),
(260, 'Calzone Pizza', '1080', 'Full', 'Cheese, Beef, Salami, Chicken, Sausages, Smoked Veal, Mushrooms, Black olives, Green Pepper, Onions.', 18, 3),
(261, 'Bologna Pizza', '390', 'Small', 'Cheese, Chicken, Black Olives, Mushrooms, Green Pepper, Onion.', 18, 3),
(262, 'Bologna Pizza', '660', 'Medium', 'Cheese, Chicken, Black Olives, Mushrooms, Green Pepper, Onion.', 18, 3),
(263, 'Bologna Pizza', '920', 'Large', 'Cheese, Chicken, Black Olives, Mushrooms, Green Pepper, Onion.', 18, 3),
(264, 'Bologna Pizza', '1230', 'Full', 'Cheese, Chicken, Black Olives, Mushrooms, Green Pepper, Onion.', 18, 3),
(265, 'Original Beef Pizza', '380', 'Small', 'Cheese, Beef, Black Olives, Mushroom, Onions, Green Pepper.', 18, 3),
(266, 'Original Beef Pizza', '640', 'Medium', 'Cheese, Beef, Black Olives, Mushroom, Onions, Green Pepper.', 18, 3),
(267, 'Original Beef Pizza', '920', 'Large', 'Cheese, Beef, Black Olives, Mushroom, Onions, Green Pepper.', 18, 3),
(268, 'Original Beef Pizza', '1230', 'Full', 'Cheese, Beef, Black Olives, Mushroom, Onions, Green Pepper.', 18, 3),
(269, 'Meaty Pizza', '380', 'Small', 'Chees, Beef, Smooked Veal, Salami, Sausages.', 18, 3),
(270, 'Meaty Pizza', '660', 'Medium', 'Chees, Beef, Smooked Veal, Salami, Sausages.', 18, 3),
(271, 'Meaty Pizza', '920', 'Large', 'Chees, Beef, Smooked Veal, Salami, Sausages.', 18, 3),
(272, 'Meaty Pizza', '1220', 'Full', 'Chees, Beef, Smooked Veal, Salami, Sausages.', 18, 3),
(273, 'Vegetarian Pizza', '350', 'Small', 'Cheese, Black Olives, Mushroom, Green Pepper, Tomato, Onion, Sweet Corn.', 18, 3),
(274, 'Vegetarian Pizza', '590', 'Medium', 'Cheese, Black Olives, Mushroom, Green Pepper, Tomato, Onion, Sweet Corn.', 18, 3),
(275, 'Vegetarian Pizza', '880', 'Large', 'Cheese, Black Olives, Mushroom, Green Pepper, Tomato, Onion, Sweet Corn.', 18, 3),
(276, 'Vegetarian Pizza', '1190', 'Full', 'Cheese, Black Olives, Mushroom, Green Pepper, Tomato, Onion, Sweet Corn.', 18, 3),
(277, 'Turbo Power Toppings', '120', 'Small', 'Mushrooms, Black Olive, Pineapple, Green Papper, Onion, tomato, Beef, Chicken, Salami, Italian Sausages, Cheese, Sweet Corn, Paprika, Mix Fruits', 18, 3),
(278, 'Turbo Power Toppings', '180', 'Medium', 'Mushrooms, Black Olive, Pineapple, Green Papper, Onion, tomato, Beef, Chicken, Salami, Italian Sausages, Cheese, Sweet Corn, Paprika, Mix Fruits', 18, 3),
(279, 'Turbo Power Toppings', '230', 'Large', 'Mushrooms, Black Olive, Pineapple, Green Papper, Onion, tomato, Beef, Chicken, Salami, Italian Sausages, Cheese, Sweet Corn, Paprika, Mix Fruits', 18, 3),
(280, 'Turbo Power Toppings', '270', 'Full', 'Mushrooms, Black Olive, Pineapple, Green Papper, Onion, tomato, Beef, Chicken, Salami, Italian Sausages, Cheese, Sweet Corn, Paprika, Mix Fruits', 18, 3),
(281, 'Itallian Lasagne', '550', '', 'With Meat Sauce, Home Made Lasagne, Pasta Layer with Rice, Cheese, Tomato & Meat Sauce on Your choice (Beef or Chicken)', 36, 3),
(282, 'Speggetti Bolongnaise', '550', '', 'with Meal sauce made spaghetti pastalayred with Rice Cheese', 36, 3),
(283, 'Speggetti', '550', '', 'with sausages & Mushroom sauce, with red puree made spaghetti, pasta layerd with sausages & Mushrooms.', 36, 3),
(284, 'Chief Special Burger', '380', '', '', 17, 3),
(285, 'Chief Special Grill Burger', '330', '', '', 17, 3),
(286, 'Chicken Burger', '250', '', '', 17, 3),
(287, 'Chicken Cheese Burger', '280', '', '', 17, 3),
(288, 'Beef Grill Burger', '310', '', '', 17, 3),
(289, 'Beef Cheese Grill Burger', '340', '', '', 17, 3),
(290, 'Chicken Grill Burger', '260', '', '', 17, 3),
(291, 'Chicken Cheese Grill Burger', '310', '', '', 17, 3),
(292, 'Kabab Grill Burger', '240', '', '', 17, 3),
(293, 'Kabab Cheese Grill Burger', '270', '', '', 17, 3),
(294, 'Fish Burger', '260', '', '', 17, 3),
(295, 'Fish Cheese Burger', '290', '', '', 17, 3),
(296, 'Shami Burger', '200', '', '', 17, 3),
(297, 'Shami Cheese Burger', '230', '', '', 17, 3),
(298, 'Cutlets Burger', '120', '', '', 17, 3),
(299, 'Cutlets Cheese Burger', '150', '', '', 17, 3),
(300, 'Meat Loaf Burger', '190', '', '', 17, 3),
(301, 'Meat Loaf Cheese Burger', '220', '', '', 17, 3),
(302, 'Frenkfurter Burger', '200', '', '', 17, 3),
(303, 'Frenkfurter Cheese Burger', '230', '', '', 17, 3),
(304, 'Kids Burgers', '190', '', '', 17, 3),
(305, 'Kids Cheese Burgers', '220', '', '', 17, 3),
(306, 'Chicken Tikka Burger', '270', '', '', 17, 3),
(307, 'Chicken Tikka Cheese Burger', '300', '', '', 17, 3),
(308, 'Jalapeno Burger', '260', '', '', 17, 3),
(309, 'Jalapeno Cheese', '290', '', '', 17, 3),
(310, 'Extra Cheese', '30', '', '', 17, 3),
(311, 'Chicken Steak Burger (Zinger)', '280', '', '', 17, 3),
(312, 'Chk, Cheese Steak Burger (Zinger)', '310', '', '', 17, 3),
(313, 'Beef Steak Burger', '310', '', '', 17, 3),
(314, 'Beef Steak Cheese Burger', '340', '', '', 17, 3),
(315, 'Beef Burger', '290', '', '', 17, 3),
(316, 'Beef Cheese Burger', '320', '', '', 17, 3),
(317, 'Fethuccino Alfrado', '450', '', '', 37, 3),
(318, 'Penne Pasta', '460', '', '', 37, 3),
(319, 'Chicken Daig (Chicken/Hand)', '440', '', '', 38, 3),
(320, 'Seekh Kabab (Chicken)', '410', '', '', 38, 3),
(321, 'Seekh Kabab (Beef)', '410', '', '', 38, 3),
(322, 'Grill Special Steak (Chicken/Beef)', '650', '', '', 39, 3),
(323, 'Pepper-Steaks (Chicken/Beef)', '650', '', '', 39, 3),
(324, 'Mushroom Steaks (Chicken/Beef)', '650', '', '', 39, 3),
(325, 'American Steak (Chicken/Beef)', '650', '', '', 39, 3),
(326, 'Butterfly Steak', '650', '', '', 39, 3),
(327, 'Barcelona Fish Steak', '670', '', '', 40, 3),
(328, 'Finger Fish', '430', '', '', 40, 3),
(329, 'Grilled Fish', '550', '', '', 40, 3),
(330, 'Panini Sandwich Beef', '400', '', '', 40, 3),
(331, 'Panini Sandwich Chicken', '400', '', '', 40, 3),
(332, 'Shashlik', '350', '', '', 41, 3),
(333, 'Chow Mein', '350', '', '', 41, 3),
(334, 'Manchurian', '350', '', '', 41, 3),
(335, 'Chicken Macroni', '350', '', '', 41, 3),
(336, 'Chicken Vegetable with Rice', '350', '', '', 41, 3),
(337, 'Fish & Chip?s', '430', '', '', 42, 3),
(338, 'Spicy Chicken', '480', '', '', 42, 3),
(339, 'Chicken Cashew Nuts', '550', '', '', 42, 3),
(340, 'Beef Chili Dry', '550', '', '', 42, 3),
(341, 'Spicy Peri Peri Chicken', '550', '', '', 42, 3),
(342, 'Full Roasted Chicken', '480', '', '', 43, 3),
(343, 'Chicken Piece', '120', '', '', 43, 3),
(344, 'Chief Fried Chicken 01', '120', '', '', 43, 3),
(345, 'Chief Fried Chicken 02', '230', '', '', 43, 3),
(346, 'Chief Fried Chicken 03', '330', '', '', 43, 3),
(347, 'Chief Fried Chicken 05', '550', '', '', 43, 3),
(348, 'Chief Fried Chicken 10', '1080', '', '', 43, 3),
(349, 'Chief Fried Chicken 15', '1580', '', '', 43, 3),
(350, 'Chief Fried Chicken 20', '2170', '', '', 43, 3),
(351, 'Baked Potato', '60', '', '', 44, 3),
(352, 'Mashed Potato', '90', '', '', 44, 3),
(353, 'Portion of Rice', '90', '', '', 44, 3),
(354, 'Cutlets', '20', '', '', 44, 3),
(355, 'Shami Kabab', '30', '', '', 44, 3),
(356, 'Portion of Vegetable', '90', '', '', 44, 3),
(357, 'Egg', '20', '', '', 44, 3),
(358, 'Naan', '30', '', '', 44, 3),
(359, 'Molten Lava Cake', '299', '', '', 45, 3),
(360, 'Chocolate Brownie (with Ice Cream)', '240', '', '', 45, 3),
(361, 'Kulfa', '120', '', '', 45, 3),
(362, 'Vanilla', '120', '', '', 45, 3),
(363, 'Chocolate', '120', '', '', 45, 3),
(364, 'Strawberry', '120', '', '', 45, 3),
(365, 'Mango, Pistachio', '120', '', '', 45, 3),
(366, 'Cheese Cake', '250', '', '', 45, 3),
(367, 'Chocolate Cake with ice Cream', '270', '', '', 45, 3),
(368, 'Habibi Special Soup', '430', '', '', 1, 4),
(369, 'Chicken Corn Soup', '380', '', '', 1, 4),
(370, 'Hot & Sour Soup', '380', '', '', 1, 4),
(371, 'Chicken Vegetable soup', '380', '', '', 1, 4),
(372, 'Habibi Special Bar-B Q Platter (Full)', '3200', '', '', 46, 4),
(373, 'Habibi Special Bar-B Q Platter ( Half)', '2200', '', '', 46, 4),
(374, 'Habibi''s Special Chicken', '750', '', '', 46, 4),
(375, 'Habibi''s Special Handi', '750', '', '', 46, 4),
(376, 'Habibi''s Special Malai Tikka', '360', '', '', 46, 4),
(377, 'Habibi''s BBQ Fish', '360', '', '', 46, 4),
(378, 'Habibi''s Special Kabli Pulao', '300', '', '', 46, 4),
(379, 'Fish Tikka (with Bone)', '280', '', '', 47, 4),
(380, 'Chicken Tikka', '150', '', '', 47, 4),
(381, 'Chicken Boti', '320', '', '', 47, 4),
(382, 'Chicken Seekh Kabab (4 Piece)', '340', '', '', 47, 4),
(383, 'Chicken Sajji', '480', '', '', 47, 4),
(384, 'Chicken BBQ (Full)', '480', '', '', 47, 4),
(385, 'Mutton Peshawari Saltish Tikka', 'N-A', '', '', 47, 4),
(386, 'Muttan Ribs', '750', '', '', 47, 4),
(387, 'Zafarani Seekh Kabab (4 Piece)', '220', '', '', 47, 4),
(388, 'Bar-B.Q Quails (Batairs) per Plate', '460', '', '', 47, 4),
(389, 'Mutton Handi (With Bone)', '620', '', '', 48, 4),
(390, 'Mutton Handi (Boneless)', '750', '', '', 48, 4),
(391, 'Chicken Handi (with Bone)', '520', '', '', 48, 4),
(392, 'Chicken Handi (Boneless)', '640', '', '', 48, 4),
(393, 'Mutton Peshawari Saltish Karahi', '**', '', '', 49, 4),
(394, 'Chicken Karahi', '620', '', '', 49, 4),
(395, 'Seekh Kabab Karahi', '350', '', '', 49, 4),
(396, 'Chicken Ginger Karahi', '450', '', '', 49, 4),
(397, 'Chicken Jalfaraizi Karahi', '450', '', '', 49, 4),
(398, 'Mutton Badami Qorma', '480', '', '', 49, 4),
(399, 'Chicken Achari Handi', '640', '', '', 49, 4),
(400, 'Chicken Masala', '400', '', '', 49, 4),
(401, 'Mixed Vegetable', '290', '', '', 49, 4),
(402, 'Dall Mash', '290', '', '', 49, 4),
(403, 'Chicken Steam Roast Full', '480', '', '', 50, 4),
(404, 'Chapli Kabab (Taro Jabba)', '480', '', '', 51, 4),
(405, 'Special Chapli Kabab', '480', '', '', 51, 4),
(406, 'Mutton Brain Masala', '620', '', '', 52, 4),
(407, 'Fried Fish (Local Style)', '550', '', '', 53, 4),
(408, 'Chicken Fried Rice', '320', '', '', 9, 4),
(409, 'Egg Fried Rice', '290', '', '', 9, 4),
(410, 'Chicken Masala Rice', '350', '', '', 9, 4),
(411, 'Vegetable Fried Rice', '290', '', '', 9, 4),
(412, 'Chicken Biryani', '300', '', '', 9, 4),
(413, 'Mutton Biryani', '350', '', '', 9, 4),
(414, 'Plain Rice', '180', '', '', 9, 4),
(415, 'Plain Nan', '15', '', '', 54, 4),
(416, 'Roghni Nan', '25', '', '', 54, 4),
(417, 'Habib''s Special Salad', '220', '', '', 34, 4),
(418, 'Fresh Salad', '60', '', '', 34, 4),
(419, 'Kachumer Salad', '120', '', '', 34, 4),
(420, 'Raita', '60', '', '', 34, 4),
(421, 'Kheer', '100', '', '', 55, 4),
(422, 'Ice Cream', '120', '', '', 55, 4),
(423, 'Tuti Fruity', '180', '', '', 55, 4),
(424, 'Cold Drinks', '35', '', '', 27, 4),
(425, 'Fresh Lime 7up', '50', '', '', 27, 4),
(426, 'Diet Pepsi  7up', '60', '', '', 27, 4),
(427, 'Lassi (Sweet or Saltish)', '120', '', '', 27, 4),
(428, 'Mineral Water (Large)', '60', '', '', 27, 4),
(429, 'Tea', '40', '', '', 27, 4),
(430, 'Green Tea', '20', '', '', 27, 4),
(431, 'Coffee', '100', '', '', 27, 4),
(432, 'Milk Shake with Ice Cream', '200', '', '', 27, 4),
(433, '', '410', '', 'Kabli Pulao (Half Plate), Chicken Tikka (1Pc), Zafrani Kabab (2 Piece), Nan(1 Full), Fresh Fruit (1 Pc)', 56, 4),
(434, 'Cone Head Chips', '130', 'Small', '', 57, 5),
(435, 'Cone Head Chips', '190', 'Regular', '', 57, 5),
(436, 'Cone Head Chips', '290', 'Large', '', 57, 5),
(437, 'Garlic Mayo Chips', '250', 'Regular', '', 57, 5),
(438, 'Garlic Mayo Chips', '350', 'Large', '', 57, 5),
(439, 'Chips & Gravy', '250', 'Regular', '', 57, 5),
(440, 'Chips & Gravy', '350', 'Large', '', 57, 5),
(441, 'Fiery Chips', '290', 'Regular', '', 57, 5),
(442, 'Fiery Chips', '390', 'Large', '', 57, 5),
(443, 'BBQ Chips', '290', 'Regular', '', 57, 5),
(444, 'BBQ Chips', '390', 'Large', '', 57, 5),
(445, 'Imli Masala Chips', '290', 'Regular', '', 57, 5),
(446, 'Imli Masala Chips', '390', 'Large', '', 57, 5),
(447, 'Poutine', '350', 'Regular', '', 57, 5),
(448, 'Poutine', '450', 'Large', '', 57, 5),
(449, 'Chicken & Chips', '490', 'Large', '', 57, 5),
(450, 'Cheezy Chips', '350', 'Regular', '', 57, 5),
(451, 'Cheezy Chips', '450', 'Large', '', 57, 5),
(452, 'Fish & Chips', '590', 'Large', '', 57, 5),
(453, 'Cheezburger', '450', 'Burger', '', 58, 5),
(454, 'Cheezburger', '570', 'Combo', '', 58, 5),
(455, 'Firebull', '470', 'Burger', '', 58, 5),
(456, 'Firebull', '590', 'Combo', '', 58, 5),
(457, 'Loaded', '570', 'Burger', '', 58, 5),
(458, 'Loaded', '690', 'Combo', '', 58, 5),
(459, 'Beach BBQ', '470', 'Burger', '', 58, 5),
(460, 'Beach BBQ', '590', 'Combo', '', 58, 5),
(461, 'Morel', '470', 'Burger', '', 58, 5),
(462, 'Morel', '590', 'Combo', '', 58, 5),
(463, 'Crispy', '370', 'Burger', '', 58, 5),
(464, 'Crispy', '490', 'Combo', '', 58, 5),
(465, 'Firebird', '470', 'Burger', '', 58, 5),
(466, 'Firebird', '590', 'Combo', '', 58, 5),
(467, 'Legend', '570', 'Burger', '', 58, 5),
(468, 'Legend', '690', 'Combo', '', 58, 5),
(469, 'Smokin', '470', 'Burger', '', 58, 5),
(470, 'Smokin', '590', 'Combo', '', 58, 5),
(471, 'Piri Piri', '470', 'Burger', '', 58, 5),
(472, 'Piri Piri', '590', 'Combo', '', 58, 5),
(473, 'Cheezburger Jr.', '360', '', '', 59, 5),
(474, 'Southern Jr.', '360', '', '', 59, 5),
(475, 'Southern Strips 3 pcs', '360', '', '', 59, 5),
(476, 'Sundaes (Chocolate, Strawberry, Carmel)', '150', '', '', 60, 5),
(477, 'Sensational Shakes (chocolate, Strawberry, Vanilla )', '290', '', '', 61, 5),
(478, 'Soft Drink (Coke, Diet, Sprite, Sprite Zero & Fanta)', '90', '', '', 62, 5),
(479, 'Water', '70', '', '', 62, 5),
(480, 'Cardamon Tea', '130', '', '', 62, 5),
(481, 'Espresso, Cappuccino, Latte, Long Black', '150', '', '', 62, 5),
(482, 'Tornado Chips', '99', '', '', 63, 5),
(483, 'Southern', '220', '', '', 63, 5),
(484, 'Fiery Burger', '250', '', '', 63, 5),
(485, 'Grilled Chicken Salad', '290', '', '', 63, 5),
(486, 'Beef Burger', '300', '', '', 63, 5),
(487, 'Beef Burger', '300', '', '', 63, 5),
(488, '4 Pcs fish strips', '300', '', '', 63, 5),
(489, '5 pcs chicken strips', '300', '', '', 63, 5),
(490, '10 pcs chicken strips', '600', '', '', 63, 5),
(491, 'Patty', '100', '', '', 64, 5),
(492, 'Cheese', '40', '', '', 64, 5),
(493, 'Egg', '50', '', '', 64, 5),
(494, 'Pickles', '50', '', '', 64, 5),
(495, 'Extra Sauce', '50', '', '', 64, 5),
(496, 'Jalapeno', '50', '', '', 64, 5),
(497, 'Extra Value Chips & Unlimited refills', '100', '', '', 65, 5),
(498, 'Chips Meal', '70', '', '', 66, 5),
(499, 'Signature Sauce', '60', '', '', 67, 5),
(500, 'Soup of the Day', '190', '', '', 68, 6),
(501, 'Lunch on a stick', '490', '', 'Golden Fried Chicken fillet skewer stuffed with cheese, Basil leaves and Jalapenos, served with chips, Grilled Mushrooms and Garlic  Mayo Dip', 68, 6),
(502, 'Spicy Tex Mex Nachos', '410', '', 'Crispy Tortillas topped with jalapenos, spicy salsa, olives and baked cheese.', 68, 6),
(503, 'Crispy Chicken Rolls', '390', '', 'Golden fried crispy batter stuffed with chicken and with mix of seasonal vegetabel sauteed in butter, served with potato wedges and chili relish dip.', 68, 6),
(504, 'Chicken Nuggets ', '340', '', 'Chicken Mince Marinated with spice and Herbs Coated in flaky batter, served with chips and garlic mayo', 68, 6),
(505, 'Hummus Platter', '390', '', 'Middle Eastern Style Dip made from a blend of Chickpeas and Tahini sauce served with Pitta Brea and Pickles.', 68, 6),
(506, 'Traditional Caesar Salad', '380', '', 'Crisp ice berg lettuce tossed in caesar dressing, served with grilled chicken and butter parmesan croutons.', 68, 6),
(507, 'Smoked Beef & Mushroom Salad', '400', '', 'Crisp ice berg salad tossed in Olive Oil, and Dijon Mustard Dressing topped with smoked beef and mushrooms.', 68, 6),
(508, 'Grilled Chicken Salad', '380', '', 'Julienne cut carrots cabbage and cucumber, mixed with fresh greens topped with grilled chicken slice and tangy olive oil vinaigrette dressing', 68, 6),
(509, 'Pollo al Parmigiano', '770', '', 'Pan seared chicken breast coated in parmesan and mozzarella cheese, topped with citrus jalapeno sauce, served with fettuccini pasta.', 69, 6),
(510, 'Chicken Milanese', '770', '', 'Golden fried chicken escalope, topped with baked Emmental cheese and creamy spinach pesto sauce, served with spaghetti napolitano and resh mixed greens', 69, 6),
(511, 'Italliano Chicken', '710', '', 'Chicken strips tossed in Italian herb and garlic sauce, served with baked mixed vegetable and rice tossed in herbs.', 69, 6),
(512, 'Chicken Ala Kiev', '710', '', 'Crispy crumbed chicken breast stuffed with beef, cheese and herbs served with whole grain mustard sauce and garmelata mash', 69, 6),
(513, 'Twin Mushrooms Steak', '770', '', 'Grilled chicken filets marinated in mild chili sauce topped with creamy twin mushroom and herb sauce, served with baked potato and cheese mash.', 69, 6),
(514, 'Stuffed Double Decker Steak', '710', '', 'Filet-o-chicken stuffed with mushrooms, spinach & cheese, topped with brown mushroom sauce, served with saut?ed vegetables and garlic mash potatoes (served in hot plate)', 69, 6),
(515, 'Classic Mushroom Steak', '810', '', '', 70, 6),
(516, 'Zingara Steak', '810', '', '', 70, 6),
(517, 'Beef Soukrout', '810', '', '', 70, 6),
(518, 'Steakhouse Mushroom & Onion', '830', '', '', 70, 6),
(519, 'Wild Shiitake Mushroom Steak', '830', '', '', 70, 6),
(520, 'Medallion Pepper Corn Butter Steak', '810', '', '', 70, 6),
(521, 'Golden Fried Fish', '800', '', '', 6, 6),
(522, 'Mediterranean Fish', '760', '', '', 6, 6),
(523, 'Greek Style Oven Baked Fish', '800', '', '', 6, 6),
(524, 'Penne Alaromania', '530', '', '', 71, 6),
(525, 'Southwest Pasta Bake', '550', '', '', 71, 6),
(526, 'Chicken & Mushroom Spaghetti', '530', '', '', 71, 6),
(527, 'Chicken & Mushroom Lasagne', '490', '', '', 71, 6),
(528, 'Premium Grilled Chicken Burger', '490', '', '', 17, 6),
(529, 'Peri Peri Grilled Chicken Burger', '490', '', '', 17, 6),
(530, 'Crispy Chicken Burger', '490', '', '', 17, 6),
(531, 'Mushroom Meltdown Burger', '530', '', '', 17, 6),
(532, 'Philly Steak & Cheese Burger', '530', '', '', 17, 6),
(533, 'Smoked Chicken Sandwich', '450', '', '', 35, 6),
(534, 'Triple Decker Club Sandwich', '490', '', '', 35, 6),
(535, 'Croque Madame', '450', '', '', 35, 6),
(536, 'Hunter Beef Sandwich', '450', '', '', 35, 6),
(537, 'Classic Stone Baked Pizza', '490', 'Small', '', 18, 6),
(538, 'Classic Stone Baked Pizza', '650', 'Medium', '', 18, 6),
(539, 'Classic Stone Baked Pizza', '970', 'Large', '', 18, 6),
(540, 'Smoked Chicken Pizza', '490', 'Small', '', 18, 6),
(541, 'Smoked Chicken Pizza', '650', 'Medium', '', 18, 6),
(542, 'Smoked Chicken Pizza', '970', 'Large', '', 18, 6),
(543, 'Smoked Beef Pizza', '490', 'Small', '', 18, 6),
(544, 'Smoked Beef Pizza', '650', 'Medium', '', 18, 6),
(545, 'Smoked Beef Pizza', '970', 'Large', '', 18, 6),
(546, 'Meat Lover''s Calzone', '490', 'Small', '', 18, 6),
(547, 'Meat Lover''s Calzone', '650', 'Medium', '', 18, 6),
(548, 'Meat Lover''s Calzone', '970', 'Large', '', 18, 6),
(549, 'Chicken Tikka', '490', 'Small', '', 18, 6),
(550, 'Chicken Tikka', '650', 'Medium', '', 18, 6),
(551, 'Chicken Tikka', '970', 'Large', '', 18, 6),
(552, 'Meatzza Pizza Express', '490', 'Small', '', 18, 6),
(553, 'Meatzza Pizza Express', '650', 'Medium', '', 18, 6),
(554, 'Meatzza Pizza Express', '970', 'Large', '', 18, 6),
(555, 'Calzone Pizza', '490', 'Small', '', 18, 6),
(556, 'Calzone Pizza', '650', 'Medium', '', 18, 6),
(557, 'Calzone Pizza', '970', 'Large', '', 18, 6),
(558, 'Jans Deli''s Special Pizza', '490', 'Small', '', 18, 6),
(559, 'Jans Deli''s Special Pizza', '650', 'Medium', '', 18, 6),
(560, 'Jans Deli''s Special Pizza', '970', 'Large', '', 18, 6),
(561, 'Vegetarian Pizza', '410', 'Small', '', 18, 6),
(562, 'Vegetarian Pizza', '600', 'Medium', '', 18, 6),
(563, 'Vegetarian Pizza', '820', 'Large', '', 18, 6),
(564, 'Peach Smoothie', '240', '', '', 72, 6),
(565, 'Apple Mint Chiller', '240', '', '', 72, 6),
(566, 'Blue Berry Duzzler', '240', '', '', 72, 6),
(567, 'Blue Lady', '240', '', '', 72, 6),
(568, 'Mint Margarita', '240', '', '', 72, 6),
(569, 'Banana Fusion Shake', '260', '', '', 72, 6),
(570, 'Traditional Cold Coffee', '260', '', '', 72, 6),
(571, 'Double Chocolate Shake', '260', '', '', 72, 6),
(572, 'Blue Berry Truffle Shake', '260', '', '', 72, 6),
(573, 'Cookies & Cream Shake', '260', '', '', 72, 6),
(574, 'Strawberry Shake', '260', '', '', 72, 6),
(575, 'Vanilla Oreo Shake', '260', '', '', 72, 6),
(576, 'Seasonal Fruit Shake', '260', '', '', 72, 6),
(577, 'Pina Colada', '260', '', '', 72, 6),
(578, 'Bounty Chocolate Shake', '280', '', '', 72, 6),
(579, 'Kit Kat Chocolate Shake', '280', '', '', 72, 6),
(580, 'Fresh Lime', '90', '', '', 32, 6),
(581, '7up, Pepsi, Miranda', '70', '', '', 32, 6),
(582, 'Mineral Water Small', '60', '', '', 32, 6),
(583, 'Mineral Water Large', '90', '', '', 32, 6),
(584, 'Cappuccino', '200', 'Regular', '', 73, 6),
(585, 'Cappuccino', '250', 'Large', '', 73, 6),
(586, 'Flavored (Hazelnut, Vanilla, Mocha, Caramel, Irish Cream, Cinnamon)', '230', 'Regular', '', 73, 6),
(587, 'Flavored (Hazelnut, Vanilla, Mocha, Caramel, Irish Cream, Cinnamon)', '290', 'Large', '', 73, 6),
(588, 'Hot Chocolate', '230', 'Regular', '', 73, 6),
(589, 'Hot Chocolate', '290', 'Large', '', 73, 6),
(590, 'Black Espresso', '160', 'Regular', '', 73, 6),
(591, 'Black Espresso', '220', 'Large', '', 73, 6),
(592, 'Black Tea', '90', 'Regular', '', 73, 6),
(593, 'Black Tea', '120', 'Large', '', 73, 6),
(594, 'Lemno Iced Tea', '120', 'Regular', '', 73, 6),
(595, 'Green Tea', '70', 'Regular', '', 73, 6),
(596, 'Green Tea', '90', 'Large', '', 73, 6),
(597, 'Latte''', '200', 'Regular', '', 74, 6),
(598, 'Latte''', '250', 'Large', '', 74, 6),
(599, 'Flavored (Hazelnut, Vanilla, Mocha, Caramel, Irish Cream, Cinnamon)', '230', 'Regular', '', 75, 6),
(600, 'Flavored (Hazelnut, Vanilla, Mocha, Caramel, Irish Cream, Cinnamon)', '290', 'Large', '', 75, 6),
(601, 'Special Platter (Full)', '3000', '', '', 76, 7),
(602, 'Special Platter (Half)', '2000', '', '', 76, 7),
(603, 'Chicken Tikka', '140', '', '', 76, 7),
(604, 'Chicken Malai Tikka', '150', '', '', 76, 7),
(605, 'Chicken Achari Tikka', '150', '', '', 76, 7),
(606, 'Chicken Green Tikka', '150', '', '', 76, 7),
(607, 'Chicken Boti', '300', '', '', 76, 7),
(608, 'Chicken Malai Boti with Bone', '350', '', '', 76, 7),
(609, 'Special Irani Boti', '320', '', '', 76, 7),
(610, 'Chicken Green Boti', '320', '', '', 76, 7),
(611, 'Chicken Malai Boti Boneless', '380', '', '', 76, 7),
(612, 'Seikh Kabab Beef (4 Pcs)', '220', '', '', 76, 7),
(613, 'Reshmi Kabab (Chicken)', '280', '', '', 76, 7),
(614, 'Bar B.Q Quails Batair 6 Piece', '420', '', '', 76, 7),
(615, 'Silver Dry Fry / B.B.Q', '350', '', '', 77, 7),
(616, 'Rahoo Dry Fry/ BBQ', '400', '', '', 77, 7),
(617, 'Gross (M.Sher) Dry Fry/BBQ', '450', '', '', 77, 7),
(618, 'Malee Dry Fry/BBQ', '450', '', '', 77, 7),
(619, 'Sher Mahi Fry /BBQ', '800', '', '', 77, 7),
(620, 'P-Fillet Imported', '500', '', '', 77, 7),
(621, 'Soul, Dry Fry/BBQ', '1000', '', '', 77, 7),
(622, 'Mutton Tikka/Karahi', '950', '', '', 78, 7),
(623, 'Mutton Tikka Badami', '1000', '', '', 78, 7),
(624, 'Mutton Rosh (Dam Pukh)', '1100', '', '', 78, 7),
(625, 'Chicken Badami', '530', '', '', 78, 7),
(626, 'Chicken Karayee Full', '480', '', '', 78, 7),
(627, 'Chicken Rosh (Dam Pukh)', '680', '', '', 78, 7),
(628, 'Salam Dunba (Rice, Dry Fruits, Eggs etc.)', '14000', '', '', 78, 7),
(629, 'Salam Dasti', '2500', '', '', 78, 7),
(630, 'Kable Polavo', '250', '', '', 78, 7),
(631, 'Salam Dasti, Kabli Polavo, Seikh Kabab, Batair, Reshmi Kabab, Chicken Full BBQ', '5000', '', '', 79, 7),
(632, 'Raita', '40', '', '', 62, 7),
(633, 'Salad fresh', '60', '', '', 62, 7),
(634, 'Regular Cold Drink', '30', '', '', 62, 7),
(635, 'Cane', '50', '', '', 62, 7),
(636, 'Cold Drink 1.5 Liter', '100', '', '', 62, 7),
(637, 'Cold Drink Jumbo', '130', '', '', 62, 7),
(638, 'Sweet Dish (Kheer)', '40', '', '', 62, 7),
(639, 'Lamb Leg Steamed Roast', '1690', '', '', 80, 8),
(640, 'Chicken Steamed Roast Full', '580', '', '', 80, 8),
(641, 'Quail Steamed Roast', '150', '', '', 80, 8),
(642, 'Mutton Handi (Boneless)', '1690', '', '', 81, 8),
(643, 'Mutton Hand (with bone)', '1200', '', '', 81, 8),
(644, 'Chicken Handi (Boneless)', '850', '', '', 81, 8),
(645, 'Chicken Achari Handi', '850', '', '', 81, 8),
(646, 'Chicken Bangali Handi', '850', '', '', 81, 8),
(647, 'Chicken Afghani Handi', '850', '', '', 81, 8),
(648, 'Shab Dag', '850', '', '', 81, 8),
(649, 'Mutton Karahi', '1180', '', '', 82, 8),
(650, 'Mutton Dhaba', '750', '', '', 82, 8),
(651, 'Mutton Qourma', '530', '', '', 82, 8),
(652, 'Mutton Jalfarezi', '750', '', '', 82, 8),
(653, 'Mutton Ginger', '750', '', '', 82, 8),
(654, 'Mutton Palik', '530', '', '', 82, 8),
(655, 'Maghaz Masala', '530', '', '', 82, 8),
(656, 'Chicken Karahi (full)', '950', '', '', 82, 8),
(657, 'Chicken Jalfaraizi ', '530', '', '', 82, 8),
(658, 'Chicken Ginger', '530', '', '', 82, 8),
(659, 'Chicken Qourma', '480', '', '', 82, 8),
(660, 'Chicken Dhaba', '530', '', '', 82, 8),
(661, 'Dall Mash', '260', '', '', 82, 8),
(662, 'Vegetable Mix', '260', '', '', 82, 8),
(663, 'Batair Masalha', '360', '', '', 82, 8),
(664, 'Nargesi Qufta', '390', '', '', 82, 8),
(665, 'Usmania Special Shashlik', '550', '', '', 83, 8),
(666, 'Stick Shashklik Rad', '450', '', '', 83, 8),
(667, 'Chicken Cutlas 2 Piece', '450', '', '', 83, 8),
(668, 'Drum Stick 4 Piece', '510', '', '', 83, 8),
(669, 'Dhaka Chicken', '450', '', '', 83, 8),
(670, 'Fish Cracker', '150', '', '', 83, 8),
(671, 'Usmania Special Steak', '750', '', '', 84, 8),
(672, 'Paper Steak', '680', '', '', 84, 8),
(673, 'Mushroom Steak', '680', '', '', 84, 8),
(674, 'Chicken Sandwich', '180', '', '', 85, 8),
(675, 'Club Sandwich', '230', '', '', 85, 8),
(676, 'Usmania SP Burger', '280', '', '', 85, 8),
(677, 'Chicken Burger', '180', '', '', 85, 8),
(678, 'Chicken Chees Burger', '230', '', '', 85, 8),
(679, 'Shami Kabab 2 Piece', '95', '', '', 85, 8),
(680, 'French Fries', '95', '', '', 85, 8),
(681, 'Kheer', '150', '', '', 28, 8),
(682, 'Firni', '150', '', '', 28, 8),
(683, 'Fruit Jelly', '150', '', '', 28, 8),
(684, 'Usmania Special Ice Cream', '280', '', '', 60, 8),
(685, 'Tutti Fruity Ice Cream', '240', '', '', 60, 8),
(686, 'Vanilla Ice Cream', '210', '', '', 60, 8),
(687, 'Strawberry Ice Cream', '210', '', '', 60, 8),
(688, 'Pineapple Ice Cream', '210', '', '', 60, 8),
(689, 'Pasta Ice Cream', '210', '', '', 60, 8),
(690, 'Mango Ice Cream', '210', '', '', 60, 8),
(691, 'Banana Ice Cream', '210', '', '', 60, 8),
(692, 'Chocolate Ice Cream', '210', '', '', 60, 8),
(693, 'Usmania Special Soup', '520', '', '', 1, 8),
(694, 'Chicken Corn Soup', '490', '', '', 1, 8),
(695, 'Hot & Sour Soup', '490', '', '', 1, 8),
(696, 'Chicken Vegetable Soup', '490', '', '', 1, 8),
(697, 'Chicken Mushroom Soup', '490', '', '', 1, 8),
(698, 'Fried Fish', '550', '', '', 86, 8),
(699, 'Finger Fish', '550', '', '', 86, 8),
(700, 'Dhaka Fish', '550', '', '', 86, 8),
(701, 'Kalwanji Fish', '550', '', '', 86, 8),
(702, 'Grilled Fish', '550', '', '', 86, 8),
(703, 'Special Fried Prawns', '550', '', '', 86, 8),
(704, 'Garlic Prawns (Gravi)', '550', '', '', 86, 8),
(705, 'Prawns Chili Dry', '550', '', '', 86, 8),
(706, 'Large Platter', '3200', '', 'Mutton Korma 4 person, Kabli Palao 4 person, Malai Tikka 8 Pc, Chicken Boti 8 Pc, Batair Rost 4 pc, Fried Fish 4 Pc, Reshmi Kabab 4 Pc, Nan Rogni 4 Pc, Green Salad 1, Chatni 2, Cold drinks 1.5 Ltr', 87, 8),
(707, 'Small Platter', '1800', '', 'Mutton Korma 2 person, Kabli Palao 2 person, Malai Tikka 4 Pc, Chicken Boti 4 Pc, Batair Rost 2 pc, Fried Fish 2 Pc, Reshmi Kabab 2 Pc Nan Rogni 2 Pc, Green Salad 1, Chatni 1, Cold drinks 1 Ltr', 87, 8),
(708, 'Usmania Special Kalmi Tikka', '650', '', '', 88, 8),
(709, 'Malai Tikka', '650', '', '', 88, 8),
(710, 'Chicken Tikka', '250', '', '', 88, 8),
(711, 'Chicken Boti', '550', '', '', 88, 8),
(712, 'Reshmi Kabab (6 Piece)', '550', '', '', 88, 8),
(713, 'Kastoori Kabab', '550', '', '', 88, 8),
(714, 'Seekh Kabab (6 Pieces)', '360', '', '', 88, 8),
(715, 'Chicken Kabab (6 Pieces)', '550', '', '', 88, 8),
(716, 'Paneer Golla Kabab (6 Pieces)', '550', '', '', 88, 8),
(717, 'Fish Tikka (6 Pieces)', '550', '', '', 88, 8),
(718, 'Kabli Pulao', '380', '', '', 9, 8),
(719, 'Special Bokhari Pulau', '360', '', '', 9, 8),
(720, 'Chicken Pulau', '320', '', '', 9, 8),
(721, 'Mutton Pulau', '350', '', '', 9, 8),
(722, 'Mutton Biryani', '350', '', '', 9, 8),
(723, 'Chicken Biryani', '320', '', '', 9, 8),
(724, 'Usmania Sp Rice', '450', '', '', 9, 8),
(725, 'Chicken Fried Rice', '380', '', '', 9, 8),
(726, 'Prown Fried Rice', '380', '', '', 9, 8),
(727, 'Chicken Chili Fried Rice', '380', '', '', 9, 8),
(728, 'Beef Chili Dry With Rice', '380', '', '', 9, 8),
(729, 'Chicken Pineapple Almond Rice', '380', '', '', 9, 8),
(730, 'Vegetable Fried Rice', '330', '', '', 9, 8),
(731, 'Egg Fried Rice', '330', '', '', 9, 8),
(732, 'Roghani Nan', '25', '', '', 89, 8),
(733, 'Plain Nan', '22', '', '', 89, 8),
(734, 'Chicken Nan', '150', '', '', 89, 8),
(735, 'Qeema Nan', '150', '', '', 89, 8),
(736, 'Garlic Nan', '90', '', '', 89, 8),
(737, 'Usmania Sp Russian Salad', '220', '', '', 34, 8),
(738, 'Fresh Green Salad', '95', '', '', 34, 8),
(739, 'Kachumer Salad', '95', '', '', 34, 8),
(740, 'Chicken Salad', '180', '', '', 34, 8),
(741, 'Raita', '95', '', '', 34, 8),
(742, 'Soft Drink (Coke, Diet, Sprite, Sprite Zero & Fanta)', '50', '', '', 27, 8),
(743, 'Cold Coffee', '150', '', '', 27, 8),
(744, 'Hot Coffee', '80', '', '', 27, 8),
(745, 'Fresh Lime 7 up', '85', '', '', 27, 8),
(746, 'Fresh Lime Water', '45', '', '', 27, 8),
(747, 'Mineral Water (Large)', '75', '', '', 27, 8),
(748, 'Lassi (Sweet or Saltish)', '90', '', '', 27, 8),
(749, 'Green Tea', '50', '', '', 27, 8),
(750, 'Milk Shake (Any Flavour)', '180', '', '', 27, 8),
(751, 'Diet Pepsi, 7-up', '75', '', '', 27, 8),
(752, 'Usmania Sp Hot Plate Chicken (Sizziling)', '650', '', '', 90, 8),
(753, 'Chicken Manchorian (Sizzling)', '580', '', '', 90, 8),
(754, 'Garlic Chicken (Sizzling)', '580', '', '', 90, 8),
(755, 'Fried Spring Chicken', '580', '', '', 90, 8),
(756, 'Sweet & Sour Chicken', '580', '', '', 90, 8),
(757, 'Chicken Chili Vegetable', '580', '', '', 90, 8),
(758, 'Chicken Chili Dry', '580', '', '', 90, 8),
(759, 'Beef With Green Chili (Dry)', '580', '', '', 91, 8),
(760, 'Beef Chili Onion', '530', '', '', 91, 8),
(761, 'Beef with Mushroom & Bamboo Shoot', '530', '', '', 91, 8),
(762, 'Beef Pineapple', '530', '', '', 91, 8),
(763, 'Usmania Sp Chow-Mein', '580', '', '', 92, 8),
(764, 'Chicken Chow-Mein', '450', '', '', 92, 8),
(765, 'Prown Chow-Mein', '450', '', '', 92, 8),
(766, 'Vegetable Chow-Mein', '380', '', '', 92, 8),
(767, 'Islamia Special soup', '350', '', '', 1, 9),
(768, 'Chicken Corn Soup', '300', '', '', 1, 9),
(769, 'Hot & Sour Soup', '300', '', '', 1, 9),
(770, 'Chicken Thai Soup', '300', '', '', 1, 9),
(771, 'Chicken Vegetable Soup', '300', '', '', 1, 9),
(772, 'Full Platter', '2750', '', '', 11, 9),
(773, 'Half Platter', '1500', '', '', 11, 9),
(774, 'Mutton Tikka Namkeen', '1050', '', '', 93, 9),
(775, 'Mutton Karahi', '1050', '', '', 93, 9),
(776, 'Chicken BBQ', '600', '', '', 93, 9),
(777, 'Chicken Karahi Charsi Style', '600', '', '', 93, 9),
(778, 'Mutton Rosh', '1050', '', '', 93, 9),
(779, 'Islamia Special Chowmein', '330', '', '', 41, 9),
(780, 'Chicken Chow-Mein', '300', '', '', 41, 9),
(781, 'Beef Chow-Mein', '280', '', '', 41, 9),
(782, 'Chicken Shashlik', '400', '', '', 41, 9),
(783, 'Chicken Chilies (Dry/Sauce)', '400', '', '', 41, 9),
(784, 'Sweet & Sour Chicken', '400', '', '', 41, 9),
(785, 'Chicken With Pineapple', '400', '', '', 41, 9),
(786, 'Chicken with Lime', '400', '', '', 41, 9),
(787, 'Chicken with Almonds', '400', '', '', 41, 9),
(788, 'Chicken with Mix Vegetable', '400', '', '', 41, 9),
(789, 'Chicken Manchorian', '400', '', '', 41, 9),
(790, 'Sesame Fried Chicken', '400', '', '', 41, 9),
(791, 'Chicken Drum Sticks', '400', '', '', 41, 9),
(792, 'Beef Chilies Dry/Sauce', '400', '', '', 41, 9),
(793, 'Beef with mix vegetable', '400', '', '', 41, 9),
(794, 'Fish Chilies Dry/Sauce', '400', '', '', 41, 9),
(795, 'Fish with Mix Vegetable', '410', '', '', 41, 9),
(796, 'Chicken Out', '410', '', '', 41, 9),
(797, 'Dhaka Chicken', '410', '', '', 41, 9),
(798, 'Dhaka Fish', '400', '', '', 41, 9),
(799, 'Finger Fish', '410', '', '', 41, 9),
(800, 'Fried Fish', '400', '', '', 41, 9),
(801, 'Crispy Fried Fish', '430', '', '', 41, 9),
(802, 'Islamia Special Rice', '350', '', '', 9, 9),
(803, 'Chicken Fried Rice', '300', '', '', 9, 9),
(804, 'Egg Fried Rice', '250', '', '', 9, 9),
(805, 'Beef CC Rice', '280', '', '', 9, 9),
(806, 'Chicken Masala Rice', '280', '', '', 9, 9);
INSERT INTO `food_menu` (`fm_id`, `food_name`, `price`, `quantity`, `desc`, `food_type`, `res_id`) VALUES
(807, 'Vegetable Rice', '220', '', '', 9, 9),
(808, 'Kabali Pulao', '280', '', '', 9, 9),
(809, 'Chicken Biryani', '270', '', '', 9, 9),
(810, 'Mutton Biryani', '320', '', '', 9, 9),
(811, 'Chicken Sajji', '430', '', '', 94, 9),
(812, 'Chicken Tikka', '130', '', '', 94, 9),
(813, 'Chicken Boti', '280', '', '', 94, 9),
(814, 'Chicken Malai Boti', '330', '', '', 94, 9),
(815, 'Reashmi Kabab', '230', '', '', 94, 9),
(816, 'Beef Seekh Kabab', '170', '', '', 94, 9),
(817, 'Batair', '100', '', '', 94, 9),
(818, 'Full Lamb Steam Roast', '1250', '', '', 95, 9),
(819, 'Chicken Roast', '470', '', '', 95, 9),
(820, 'Tandori Chicken', '450', '', '', 95, 9),
(821, 'Mutton Handi Boneless', '780', '', '', 82, 9),
(822, 'Mutton Achari Handi Boneless', '790', '', '', 82, 9),
(823, 'Shab Daig', '500', '', '', 82, 9),
(824, 'Chicken Handi', '520', '', '', 82, 9),
(825, 'Chicken Achari Handi', '530', '', '', 82, 9),
(826, 'Chicken Karahi', '600', '', '', 82, 9),
(827, 'Seekh Kabab Karahi', '330', '', '', 82, 9),
(828, 'Mutton Brain Masala', '400', '', '', 82, 9),
(829, 'Chicken Jalfrezi', '380', '', '', 82, 9),
(830, 'Chicken Ginger', '380', '', '', 82, 9),
(831, 'Chicken Qorma', '260', '', '', 82, 9),
(832, 'Chicken Masala', '260', '', '', 82, 9),
(833, 'Mutton Qourma', '380', '', '', 82, 9),
(834, 'Mutton Masala', '360', '', '', 82, 9),
(835, 'Fried Fish Sardaryab Style', '450', '', '', 82, 9),
(836, 'Dal Mash', '170', '', '', 82, 9),
(837, 'Mix Vegetable', '170', '', '', 82, 9),
(838, ' Chips', '80', '', '', 82, 9),
(839, 'Islamia Special Salad', '170', '', '', 96, 9),
(840, 'Russian Salad', '150', '', '', 96, 9),
(841, 'Fresh Salad', '60', '', '', 96, 9),
(842, 'Raita', '60', '', '', 96, 9),
(843, 'Plain Nan', '16', '', '', 54, 9),
(844, 'Roghni Nan', '20', '', '', 54, 9),
(845, 'Cold Drinks', '35', '', '', 32, 9),
(846, 'Fresh Lime ', '45', '', '', 32, 9),
(847, 'Diet Pepsi, 7-up', '60', '', '', 32, 9),
(848, 'Mineral Water ', '60', '', '', 32, 9),
(849, 'Lassi (Sweet or Saltish)', '60', '', '', 32, 9),
(850, 'Cold Coffee with ice Cream', '140', '', '', 32, 9),
(851, 'Milk Shake (Any Flavor)', '140', '', '', 32, 9),
(852, 'Milk Shake with Ice Cream', '140', '', '', 32, 9),
(853, 'Islamia Special Ice Cream', '150', '', '', 55, 9),
(854, 'Tutti Fruity Ice Cream', '130', '', '', 55, 9),
(855, 'Plain Ice Cream (Any Flavour)', '100', '', '', 55, 9),
(856, 'Kheer', '150', '', '', 55, 9),
(857, 'Green Tea', '35', '', '', 55, 9),
(858, 'Lunch/Dinner Box', '400', '', 'Chicken Roast 1 Pc, Mutton Roast 1 Pc, Shami Kabab 2 Pc, Roghani Nan 1 Pc, Fresh Fruit 1 Pc, Russian Salad, Juice 1 Pc.', 97, 9),
(859, 'Lunch/Dinner Box', '350', '', 'Chicken Roast 1 Pc, Chicken Drum Stick 1 Pc, Shami Kabab 2 Pc, Plain Nan 1 Pc, Fresh Fruit 1 Pc.', 97, 9),
(860, 'Finger Chicken', '445', '', 'Six Strips of Deep Fried tender Chicken Coated in Bread Crumbs with honey mustard dip', 98, 10),
(861, 'Spicy Honey Wings', '550', '', 'Ten Spicy honey glazed chicken wings with sweet chili sauce', 98, 10),
(862, 'Fish Cracker', '295', '', 'Flavored fish crackers served for four', 98, 10),
(863, 'Fried Wonton Siu Mai', '495', '', 'Deep fried chicken and mushroom filled ten pieces wonton with two kinds of flavor', 98, 10),
(864, 'Chicken Wings', '390', '', 'Ten Deep fried pieces of chicken wings with spicy honey sauce', 98, 10),
(865, 'Chicken Drum Sticks', '525', '', 'Six golden crispy fried chicken with chili garlic dip', 98, 10),
(866, 'Dumplings', '585', '', 'Eight pieces of steamed or pan fried dumplings with fresh herbs minced prawn filling, served with a ginger and mushroom sauce dip', 98, 10),
(867, 'Spring Rolls', '395', '', 'Six deep fried chicken and vegetable filled in mini rolls served with ketchup//chili sauce', 98, 10),
(868, 'Shrimp Toast', '590', '', 'Eight minced shrimp and sesame coated fried toast half slices served with sweet chili sauce', 98, 10),
(869, 'Dynamic Prawns', '995', '', 'Mini Prawns with honey mustard lemon spicy sauce', 98, 10),
(870, 'Butterfly Prawns', '995', '', 'Six crispy fried prawns tail served with sweet chili sauce', 98, 10),
(871, 'Finger Fish', '590', '', 'Eight bread crumb coated deep fried fish strips served with sauce', 98, 10),
(872, 'Wasabi Prawn', '995', '', 'Six golden fried butter coated prawns served with wasabi sauce', 98, 10),
(873, 'Butter Fried Calamari', '595', '', 'Crispy fried calmari rings served with lime mayo sauce', 98, 10),
(874, 'Tempura Prawns', '895', '', 'Six crispy fried butter coated prawns with hot soy ginger tempura sauce', 98, 10),
(875, 'Hot & Sour Soup', '240', 'Serves 2', '', 1, 10),
(876, 'Hot & Sour Soup', '450', 'Serves 4', '', 1, 10),
(877, 'Chicken Corn Soup', '210', 'Serves 2', '', 1, 10),
(878, 'Chicken Corn Soup', '410', 'Serves 4', '', 1, 10),
(879, 'Chicken Mushroom Soup & Asparagus Soup', '225', 'Serves 2', '', 1, 10),
(880, 'Chicken Mushroom Soup & Asparagus Soup', '440', 'Serves 4', '', 1, 10),
(881, 'Chicken Assorted Vegetable Soup', '210', 'Serves 2', '', 1, 10),
(882, 'Chicken Assorted Vegetable Soup', '390', 'Serves 4', '', 1, 10),
(883, 'Thai Soup', '260', 'Serves 2', '', 1, 10),
(884, 'Thai Soup', '510', 'Serves 4', '', 1, 10),
(885, 'Chicken Vegetable Noodle Soup', '195', 'Serves 2', '', 1, 10),
(886, 'Chicken Vegetable Noodle Soup', '380', 'Serves 4', '', 1, 10),
(887, 'Noodle  Shrimp Soup', '250', 'Serves 2', '', 1, 10),
(888, 'Noodle  Shrimp Soup', '480', 'Serves 4', '', 1, 10),
(889, 'Szechuan Soup', '285', 'Serves 2', '', 1, 10),
(890, 'Szechuan Soup', '550', 'Serves 4', '', 1, 10),
(891, 'Meat Balls Mushrooms Paneer Soup', '295', 'Serves 2', '', 1, 10),
(892, 'Meat Balls Mushrooms Paneer Soup', '580', 'Serves 4', '', 1, 10),
(893, 'China Terrace Special Soup', '325', 'Serves 2', '', 1, 10),
(894, 'China Terrace Special Soup', '640', 'Serves 4', '', 1, 10),
(895, 'Prawns Button Mushroom', '820', '', 'Fried prawns served with mushroom & garlic oyster sauce', 99, 10),
(896, 'Fish Chili Dry', '690', '', 'Stir fried fish mixed in homemade chili ginger sauce', 99, 10),
(897, 'Steam Pomfret', '750', '', 'Steamed pomfret topped with ginger sauce, mushrooms, beans and chilies', 99, 10),
(898, 'Shrimp Chili Dry', '715', '', 'Stir fried shrimps with chili sauce', 99, 10),
(899, 'Prawn Chili Dry', '830', '', 'Stir Fried prawns and herbs in chili sauce', 99, 10),
(900, 'Fried Pomfret', '750', '', 'Stir fried pomfret in spicy mushroom oyster sauce', 99, 10),
(901, 'Fish Button Mushroom', '750', '', 'Stir fried boneless fish and mushrooms served in soy garlic sauce', 99, 10),
(902, 'Steamed Whole Fish', '950', '', 'Steamed rahoo topped with lemon, mushroom chili', 99, 10),
(903, 'Sweet & Sour Fish', '715', '', 'Fried boneless fish with bell  pepper, carrots pineapple and chili sauce', 99, 10),
(904, 'Hot & Spicy Prawns', '820', '', 'Fried prawn with spicy red garlic sauce', 99, 10),
(905, 'Prawns Black Pepper Sauce', '815', '', 'Seasoned prawns with green chilies and onion in a black pepper sauce', 99, 10),
(906, 'Hot Garlic fish', '715', '', 'Fried fish with spicy red onion sauce', 99, 10),
(907, 'Hot & Spicy Calamari', '620', '', 'Hot & Spicy Oyster with Glance Sauce', 99, 10),
(908, 'Calamari Vegetable', '620', '', 'Stir Fried Vegetables with a scallion & Mushroom spicy sauce', 99, 10),
(909, 'Lobster with Mongolian Sauce', '1980', '', 'Stir Fried Seasoned lobster served with mushroom and bean sauce', 99, 10),
(910, 'Lobster in Black Beans', '2250', '', 'Stir fried seasoned loster with mushrooms and herbs in black bean sauce', 99, 10),
(911, 'Lobster Hot Garlic Sauce', '1980', '', 'Stir fried seasoned lobster in garlic and chili sauce', 99, 10),
(912, 'Steamed Lobster', '2250', '', 'Steamed seasoned lobster with mushrooms and beans topped off with a chines sauce', 99, 10),
(913, 'Mongolian Pickle Chicken', '520', '', 'Boneless fried chicken mixed with vegetables and pickle sauce', 100, 10),
(914, 'Lemon Sesame Spicy Chicken', '620', '', 'Boneless chicken with sesame seeds, lemon and spicy red sauce.', 100, 10),
(915, 'Chicken Manchurian', '490', '', 'Boneless Fried chicken in tomato, spicy red sauce', 100, 10),
(916, 'Fried Spring Chicken', '490', '', 'Whole chicken fried to perfection with our signature chinese recipe', 100, 10),
(917, 'Hot Garlic Chicken', '490', '', 'Stir fried boneless Chicken in hot garlic sauce', 100, 10),
(918, 'Black Pepper Chicken', '490', '', 'Stir Fried boneless chicken in black pepper sauce', 100, 10),
(919, 'Chicken Cashew Nuts', '620', '', 'Stir Fried Chicken served with cashew nuts, mushrooms and vegetables', 100, 10),
(920, 'Chicken Chili Gravy', '490', '', 'Lightly floured stir fried chicken pieces served with chilies and garlic sauce', 100, 10),
(921, 'Kung Pao Chicken', '690', '', 'Spicy boneless chicken stir fried with peanuts in soy bean sauce and hot chili paste.', 100, 10),
(922, 'Sweet & Sour Chicken', '490', '', 'Stir fired spicy sweet and sour boneless chicken served with fresh vegetables in a golden sauce.', 100, 10),
(923, 'Glazed Chicken Chili Dry', '620', '', 'Sliced chicken, stir fried with dry red chlii and garlic glaze in chinese sauce', 100, 10),
(924, 'Chicken with Black Bean', '690', '', 'Chicken and vegetables assorted with traditional Chinese black bean sauce', 100, 10),
(925, 'Almond Chicken', '690', '', 'stir fried tender fried chicken with vegetables and roasted almonds', 100, 10),
(926, 'Szechuan Chicken', '590', '', 'Stir fried Boneless chicken served with vegetable in spicy sauce', 100, 10),
(927, 'Chicken Oyster', '690', '', 'fried chicken and mushrooms in spicy oyster sauce.', 100, 10),
(928, 'Chicken Assorted Vegetable ', '430', '', 'Stir fried tender chicken assorted in mix vegetable', 100, 10),
(929, 'Chicken Mushroom Vegetable', '490', '', 'Boneless chicken, stir fried and mixed with mushrooms and vegetables.', 100, 10),
(930, 'Fried Chicken Capsicum', '690', '', 'Stir fried butter coated boneless chicken in capsicum ginger sauce', 100, 10),
(931, 'Kung Pao Beef', '720', '', 'Stir fried spicy beef with vegetables, peanuts in soy sesame sauce', 70, 10),
(932, 'Mongolian Beef', '775', '', 'Stir Fried Beef With mushrooms, broccoli and onion in dark Chinese Sauce.', 70, 10),
(933, 'Black Pepper Beef', '570', '', 'Beef fillet with onions, capsicums, chilies and dark garlic sauce.', 70, 10),
(934, 'Beef Chili Gravy', '750', '', 'Stir ried Beef in chili gravy.', 70, 10),
(935, 'Hot & Spicy Beef', '590', '', 'Stir fried beef in garlic red sauce.', 70, 10),
(936, 'Beef Black Beans', '775', '', 'Tender beef and vegetables assorted with a chinese traditional black bean sauce', 70, 10),
(937, 'Beef Szechuan', '720', '', 'Stir fried beef and vegetables in spicy sauce.', 70, 10),
(938, 'Beef Oyster Sauce', '735', '', 'Tender slice fried beef in spicy mushroom oyster sauce', 70, 10),
(939, 'Beef Bamboo Shoots', '775', '', 'Stir fried beef with bamboo shoots, beans and capsicum', 70, 10),
(940, 'Beef Chili Onion', '590', '', 'Stir fried beef and onion in garlic sauce ', 70, 10),
(941, 'Beef Chili dry', '720', '', 'Stir fried been in chili sauce', 70, 10),
(942, 'Beef Chili Vegetable', '590', '', 'Stir fried beef with broccoli, carrots and mushrooms in chili garlic sauce.', 70, 10),
(943, 'Shrimp Chow Mein', '590', '', '', 92, 10),
(944, 'Chicken Chow Mein', '410', '', '', 92, 10),
(945, 'Vegetable Chow Mein', '360', '', '', 92, 10),
(946, 'Beef Chow Mein', '510', '', '', 92, 10),
(947, 'American Chopsuey', '430', '', '', 92, 10),
(948, 'Chines Chopsuey', '410', '', '', 92, 10),
(949, 'China Terrace Special Chow Mein', '550', '', '', 92, 10),
(950, 'Chicken Fried Rice', '360', '', '', 9, 10),
(951, 'Egg Fried Rice', '330', '', '', 9, 10),
(952, 'Prawns Fried Rice', '470', '', '', 9, 10),
(953, 'Chicken Garlic Rice', '360', '', '', 9, 10),
(954, 'Garlic Butter Rice', '320', '', '', 9, 10),
(955, 'Vegetable Fried Rice', '300', '', '', 9, 10),
(956, 'Masala Rice', '360', '', '', 9, 10),
(957, 'Steamed Rice', '250', '', '', 9, 10),
(958, 'Beef Chili Rice', '390', '', '', 9, 10),
(959, 'China Terrace Special Ginger Rice', '490', '', '', 9, 10),
(960, 'Mineral Water Small', '50', '', '', 27, 10),
(961, 'Mineral Water Large', '90', '', '', 27, 10),
(962, 'Soft Drink Canned', '110', '', '', 27, 10),
(963, 'Perrier Water', '180', '', '', 27, 10),
(964, 'Fresh Lime with Soft Drink', '130', '', '', 27, 10),
(965, 'Apple', '360', '', '', 101, 10),
(966, 'Carrot', '180', '', '', 101, 10),
(967, 'Strawberry', '375', '', '', 101, 10),
(968, 'Falso', '295', '', '', 101, 10),
(969, 'Watermelon', '270', '', '', 101, 10),
(970, 'Sweet Melon', '280', '', '', 101, 10),
(971, 'Peach', '365', '', '', 101, 10),
(972, 'Mango', '360', '', '', 101, 10),
(973, 'Pear', '280', '', '', 101, 10),
(974, 'Plum', '360', '', '', 101, 10),
(975, 'Pomegranate', '380', '', '', 101, 10),
(976, 'Orange', '290', '', '', 101, 10),
(977, 'Strawberry House', '295', '', '', 102, 10),
(978, 'Pina Coloda', '295', '', '', 102, 10),
(979, 'Mint Margarita', '270', '', '', 102, 10),
(980, 'Blueberry Coloda', '295', '', '', 102, 10),
(981, 'Cold Coffee', '270', '', '', 102, 10),
(982, 'Banana Shake', '285', '', '', 61, 10),
(983, 'Chocolate Shake', '295', '', '', 61, 10),
(984, 'Vanilla Shake', '280', '', '', 61, 10),
(985, 'Oreo Shake', '295', '', '', 61, 10),
(986, 'Strawberry Shake', '290', '', '', 61, 10),
(987, 'Mango Shake', '230', '', '', 61, 10),
(988, 'Peach Shake', '240', '', '', 61, 10),
(989, 'Raspberry Shake', '270', '', '', 61, 10),
(990, 'Banana Smoothie', '270', '', '', 103, 10),
(991, 'Strawberry Smoothie', '295', '', '', 103, 10),
(992, 'Mango Smoothie', '295', '', '', 103, 10),
(993, 'Peach Smoothie', '295', '', '', 103, 10),
(994, 'Mint Smoothie', '295', '', '', 103, 10),
(995, 'Tutti Fruity Ice Cream', '210', '', '', 60, 10),
(996, 'Mango (Seasonal)', '170', '', '', 60, 10),
(997, 'Pine Apple', '170', '', '', 60, 10),
(998, 'Pistachio', '170', '', '', 60, 10),
(999, 'Strawberry', '170', '', '', 60, 10),
(1000, 'Vanilla', '170', '', '', 60, 10),
(1001, 'Chocolate Chip', '170', '', '', 60, 10),
(1002, 'Crunch', '170', '', '', 60, 10),
(1003, 'Peach Melba', '170', '', '', 60, 10),
(1004, 'Kulfa', '170', '', '', 60, 10),
(1005, 'Coffee', '200', '', '', 104, 10),
(1006, 'Chines Green Tea', '70', '', '', 104, 10),
(1007, 'Meals and Deal (Any Burger-Fries-Drink)', '300', '', '', 17, 11),
(1008, 'P2P1 Platter (Any Burger+Fries+3Wings +Sausage + Salad +Drink)', '400', '', '', 17, 11),
(1009, 'Crispy Petty Burger', '150', '', '', 17, 11),
(1010, 'Smoked Chicken Burger', '150', '', '', 17, 11),
(1011, 'King Burger', '200', '', '', 17, 11),
(1012, 'Grilled Fillet Burger', '200', '', '', 17, 11),
(1013, 'Italian Grilled Burger', '200', '', '', 17, 11),
(1014, 'Kentucky Burger', '180', '', '', 17, 11),
(1015, 'Fajita', '170', '', '', 17, 11),
(1016, 'Stake Burger ', '180', '', '', 17, 11),
(1017, 'Tikka Burger', '160', '', '', 17, 11),
(1018, 'Hot Doc Burger', '120', '', '', 17, 11),
(1019, 'Beef Sicillian Burger', '190', '', '', 17, 11),
(1020, 'Fried Fish Burger', '200', '', '', 17, 11),
(1021, 'Grilled Fish Burger', '250', '', '', 17, 11),
(1022, 'Mega Crispy Burger', '220', '', '', 17, 11),
(1023, 'Beef Charcoal Burger', '210', '', '', 17, 11),
(1024, 'BMB Burger (8 round Like Tandori Pizza)', '320', '', '', 105, 11),
(1025, '8" Round G.C Burger (with Any Flavor)', '350', '', '', 105, 11),
(1026, 'Kivi Burger (Stuffed Mexican Burger)', '250', '', '', 105, 11),
(1027, 'Double Dacker Burger', '250', '', '', 105, 11),
(1028, 'Plain Fries', '160', '', '', 19, 11),
(1029, 'Masala Fries', '170', '', '', 19, 11),
(1030, 'Cheese Fries', '200', '', '', 19, 11),
(1031, 'Fire Fries', '200', '', '', 19, 11),
(1032, 'Sweet & Sour Fries', '190', '', '', 19, 11),
(1033, 'Garlic Fries', '210', '', '', 19, 11),
(1034, 'BB Fries ', '200', '', '', 19, 11),
(1035, 'Tikka Mayo Fries', '210', '', '', 19, 11),
(1036, 'Jalpeno Cheese Mayo', '210', '', '', 19, 11),
(1037, 'Jalpeno Garlic Fries', '210', '', '', 19, 11),
(1038, 'Mix Fries', '230', '', '', 19, 11),
(1039, 'Masala Chicken Wings (6 Pieces)', '160', '', '', 106, 11),
(1040, 'Sweet & Sour Wings', '170', '', '', 106, 11),
(1041, 'Fire Wings', '180', '', '', 106, 11),
(1042, 'Cheese Wings', '190', '', '', 106, 11),
(1043, 'Garlic Wings', '190', '', '', 106, 11),
(1044, 'Tikka Wings', '180', '', '', 106, 11),
(1045, 'Jalapeno Mayo Wings (Chicken wings per plate 6 Pc)', '200', '', '', 106, 11),
(1046, 'Mega Mayo Wings', '360', '', '', 106, 11),
(1047, 'Chicken CardonBleu ', '250', '', 'Stuffed with cheese jalapeno, pepper, vegetable, served with fries and salad', 107, 11),
(1048, 'Chicken Stroganoff', '320', '', '', 107, 11),
(1049, 'Chicken Shashlik', '280', '', '', 107, 11),
(1050, 'Chicken Sossage Plat', '120', '', '', 107, 11),
(1051, 'Beef Sossages Plat', '90', '', '', 107, 11),
(1052, 'Chicken Adabo (6 Pcs)', '250', '', '', 107, 11),
(1053, 'Fish & Chips', '250', '', '', 107, 11),
(1054, 'Chicken Ala Kiev (Stuffed with cheese and butter)', '350', '', '', 107, 11),
(1055, 'Moroso Fried Chicken 1 Pc', '90', '', '', 107, 11),
(1056, 'Moroso Fried Chicken 3 Pcs', '250', '', '', 107, 11),
(1057, 'Moroso Special Pizza', '400', 'R 8 "', '', 108, 11),
(1058, 'Moroso Special Pizza', '1000', 'L 14 "', '', 108, 11),
(1059, 'Smoky Pizza', '350', 'R 8 "', '', 108, 11),
(1060, 'Smoky Pizza', '850', 'L 14 "', '', 108, 11),
(1061, 'Tikka Pizza (Traditional Spicy Pizza)', '350', 'R 8 "', '', 108, 11),
(1062, 'Tikka Pizza (Traditional Spicy Pizza)', '850', 'L 14 "', '', 108, 11),
(1063, 'Pizza Milano (Mince Meat, Chicken& Sweet Corn)', '330', 'R 8 "', '', 108, 11),
(1064, 'Pizza Milano (Mince Meat, Chicken& Sweet Corn)', '820', 'L 14 "', '', 108, 11),
(1065, 'Super Supreme Pizza ( Mix Chicken Tomato, Green Chili & Cheese)', '380', 'R 8 "', '', 108, 11),
(1066, 'Super Supreme Pizza ( Mix Chicken Tomato, Green Chili & Cheese)', '950', 'L 14 "', '', 108, 11),
(1067, 'Pizza Quattro (4 in 1)', '390', 'R 8 "', '', 108, 11),
(1068, 'Pizza Quattro (4 in 1)', '980', 'L 14 "', '', 108, 11),
(1069, 'Pizza Fajita', '340', 'R 8 "', '', 108, 11),
(1070, 'Pizza Fajita', '870', 'L 14 "', '', 108, 11),
(1071, 'Fish Lover Pizza', '400', 'R 8 "', '', 108, 11),
(1072, 'Fish Lover Pizza', '1000', 'L 14 "', '', 108, 11),
(1073, 'Pizza Romma', '380', 'R 8 "', '', 108, 11),
(1074, 'Pizza Romma', '950', 'L 14 "', '', 108, 11),
(1075, 'Spinach Pizza', '300', 'R 8 "', '', 108, 11),
(1076, 'Spinach Pizza', '800', 'L 14 "', '', 108, 11),
(1077, 'Chicken Lasange', '300', '', '', 109, 11),
(1078, 'spaghetti Ventia', '280', '', '', 109, 11),
(1079, 'Spaghetti Blognes', '270', '', '', 109, 11),
(1080, 'Pasta Canolonni', '300', '', '', 109, 11),
(1081, 'Pasta Ravioli', '270', '', '', 109, 11),
(1082, 'Moroso Pitta Roll 10" Long', '230', 'Without Fries', '', 110, 11),
(1083, 'Moroso Pitta Roll 10" Long', '280', 'With Fries', '', 110, 11),
(1084, 'Shawarma S/W Plater 8" Round', '220', 'Without Fries', '', 110, 11),
(1085, 'Shawarma S/W Plater 8" Round', '270', 'With Fries', '', 110, 11),
(1086, 'Spicy Cheese Shawarma', '140', 'Without Fries', '', 110, 11),
(1087, 'Spicy Cheese Shawarma', '190', 'With Fries', '', 110, 11),
(1088, 'Garlic Shawarma', '130', 'Without Fries', '', 110, 11),
(1089, 'Garlic Shawarma', '180', 'With Fries', '', 110, 11),
(1090, 'Smokey Shawarma', '130', 'Without Fries', '', 110, 11),
(1091, 'Smokey Shawarma', '180', 'With Fries', '', 110, 11),
(1092, 'Zinger Roll Shawarma', '150', 'Without Fries', '', 110, 11),
(1093, 'Zinger Roll Shawarma', '200', 'With Fries', '', 110, 11),
(1094, 'Chicken Shawarma', '120', 'Without Fries', '', 110, 11),
(1095, 'Chicken Shawarma', '160', 'With Fries', '', 110, 11),
(1096, 'Chicken Paratha Roll', '120', 'Without Fries', '', 110, 11),
(1097, 'Chicken Paratha Roll', '170', 'With Fries', '', 110, 11),
(1098, 'Moroso Paratha Roll 10" Long', '200', 'Without Fries', '', 110, 11),
(1099, 'Moroso Paratha Roll 10" Long', '250', 'With Fries', '', 110, 11),
(1100, 'Fish Roll', '140', 'Without Fries', '', 110, 11),
(1101, 'Fish Roll', '190', 'With Fries', '', 110, 11),
(1102, 'Petto Grilled Panine', '280', '', '', 111, 11),
(1103, 'Mega Pone Panine', '280', '', '', 111, 11),
(1104, 'Moroso Panini', '250', '', '', 111, 11),
(1105, 'Mega Moroso Special Roll', '300', '', '', 112, 11),
(1106, 'Jumbo Moroso Roll', '160', '', '', 112, 11),
(1107, 'Moroso Donner', '180', '', '', 112, 11),
(1108, 'Petto Pone Moroso', '300', '', '', 113, 11),
(1109, 'Petto Pone Bolognes', '280', '', '', 113, 11),
(1110, 'Petto Pone Spicy Oriantal', '280', '', '', 113, 11),
(1111, 'Moroso Special Pizza Large', '1600', '', '', 114, 11),
(1112, '4 Mega Crispy Burgers', '700', '', '', 114, 11),
(1113, '1 Regular Chitikka Pizza & 1 Chicken Fries', '530', '', '', 114, 11),
(1114, 'Petto Grilled Panini + I Drink', '300', '', '', 114, 11),
(1115, '1 Kentucky Burger + 1 Drink', '200', '', '', 114, 11),
(1116, 'Italian Thin Crust Pizza', '250', '', '', 114, 11),
(1117, '2 King Burger & 2 Shawarma', '550', '', '', 114, 11),
(1118, 'One Large & 4 Kentucky Burgers', '1400', '', '', 114, 11),
(1119, 'One Smoky Pizza Large & 1 Jumbo moroso Roll', '1000', '', '', 114, 11),
(1120, '2 BMB Burgers', '600', '', '', 114, 11),
(1121, 'Mega Moroso Roll & Zinger Sossage', '390', '', '', 114, 11),
(1122, '3 Paratha Rolls', '350', '', '', 114, 11),
(1123, '12 Pieces Chicken wings', '300', '', '', 114, 11),
(1124, '3 Jumbo Moroso Rolls', '400', '', '', 114, 11),
(1125, 'Strong C with One Drink', '320', '', '', 114, 11),
(1126, '2 Petto Pon & 1 Drink', '310', '', '', 114, 11),
(1127, '2 Regular Sub-Steak Burgers', '300', '', '', 114, 11),
(1128, '2 Upsized Grilled Fajitas', '400', '', '', 114, 11),
(1129, 'Thames Special', '450', 'Small ', 'Chicken, Cheese, Mushroom, Black Olives, Chicken, Capsicum , tomato.', 18, 12),
(1130, 'Thames Special', '720', 'Medium', 'Chicken, Cheese, Mushroom, Black Olives, Chicken, Capsicum , tomato.', 18, 12),
(1131, 'Thames Special', '1050', 'Large', 'Chicken, Cheese, Mushroom, Black Olives, Chicken, Capsicum , tomato.', 18, 12),
(1132, 'Thames Special', '1400', 'Full', 'Chicken, Cheese, Mushroom, Black Olives, Chicken, Capsicum , tomato.', 18, 12),
(1133, 'Thames Choice', '450', 'Small ', 'Chicken, Cheese, Mushroom, Black Olives, Beef Sausages, Capsicum , tomato.', 18, 12),
(1134, 'Thames Choice', '720', 'Medium', 'Chicken, Cheese, Mushroom, Black Olives, Beef Sausages, Capsicum , tomato.', 18, 12),
(1135, 'Thames Choice', '1050', 'Large', 'Chicken, Cheese, Mushroom, Black Olives, Beef Sausages, Capsicum , tomato.', 18, 12),
(1136, 'Thames Choice', '1400', 'Full', 'Chicken, Cheese, Mushroom, Black Olives, Beef Sausages, Capsicum , tomato.', 18, 12),
(1137, 'Thames Supreme', '450', 'Small ', 'Chicken, Cheese, Mushroom, Black Olives, Chicken Sausages, Capsicum.', 18, 12),
(1138, 'Thames Supreme', '720', 'Medium', 'Chicken, Cheese, Mushroom, Black Olives, Chicken Sausages, Capsicum.', 18, 12),
(1139, 'Thames Supreme', '1050', 'Large', 'Chicken, Cheese, Mushroom, Black Olives, Chicken Sausages, Capsicum.', 18, 12),
(1140, 'Thames Supreme', '1400', 'Full', 'Chicken, Cheese, Mushroom, Black Olives, Chicken Sausages, Capsicum.', 18, 12),
(1141, 'Fish Pizza', '450', 'Small ', 'Fish, Cheese, Mushroom, Black Olives, Chicken Sausages, Capsicum, Tomato', 18, 12),
(1142, 'Fish Pizza', '720', 'Medium', 'Fish, Cheese, Mushroom, Black Olives, Chicken Sausages, Capsicum, Tomato', 18, 12),
(1143, 'Fish Pizza', '1050', 'Large', 'Fish, Cheese, Mushroom, Black Olives, Chicken Sausages, Capsicum, Tomato', 18, 12),
(1144, 'Fish Pizza', '1400', 'Full', 'Fish, Cheese, Mushroom, Black Olives, Chicken Sausages, Capsicum, Tomato', 18, 12),
(1145, 'Malai Tikka', '450', 'Small ', 'Special Cream Chicken, Cheese Mushroom, Cream, Capsicum, Tomato.', 18, 12),
(1146, 'Malai Tikka', '720', 'Medium', 'Special Cream Chicken, Cheese Mushroom, Cream, Capsicum, Tomato.', 18, 12),
(1147, 'Malai Tikka', '1050', 'Large', 'Special Cream Chicken, Cheese Mushroom, Cream, Capsicum, Tomato.', 18, 12),
(1148, 'Malai Tikka', '1400', 'Full', 'Special Cream Chicken, Cheese Mushroom, Cream, Capsicum, Tomato.', 18, 12),
(1149, 'Chicken Tikka', '420', 'Small ', 'Chicken Cheese, Mushroom, Capsicum,  tomato.', 18, 12),
(1150, 'Chicken Tikka', '680', 'Medium', 'Chicken Cheese, Mushroom, Capsicum,  tomato.', 18, 12),
(1151, 'Chicken Tikka', '980', 'Large', 'Chicken Cheese, Mushroom, Capsicum,  tomato.', 18, 12),
(1152, 'Chicken Tikka', '1370', 'Full', 'Chicken Cheese, Mushroom, Capsicum,  tomato.', 18, 12),
(1153, 'Hot & Spicy Pizza', '420', 'Small ', 'Chicken, Cheese, Mushroom, Capsicum,  Red Chili.', 18, 12),
(1154, 'Hot & Spicy Pizza', '680', 'Medium', 'Chicken, Cheese, Mushroom, Capsicum,  Red Chili.', 18, 12),
(1155, 'Hot & Spicy Pizza', '980', 'Large', 'Chicken, Cheese, Mushroom, Capsicum,  Red Chili.', 18, 12),
(1156, 'Hot & Spicy Pizza', '1370', 'Full', 'Chicken, Cheese, Mushroom, Capsicum,  Red Chili.', 18, 12),
(1157, 'Mexican Pizza', '420', 'Small ', 'Chicken, Cheese, Mushroom, Capsicum.', 18, 12),
(1158, 'Mexican Pizza', '680', 'Medium', 'Chicken, Cheese, Mushroom, Capsicum.', 18, 12),
(1159, 'Mexican Pizza', '980', 'Large', 'Chicken, Cheese, Mushroom, Capsicum.', 18, 12),
(1160, 'Mexican Pizza', '1370', 'Full', 'Chicken, Cheese, Mushroom, Capsicum.', 18, 12),
(1161, 'B.B.Q Pizza', '420', 'Small ', 'Chicken Cheese, Mushroom, Capsicum,  tomato, BBQ Sauce.', 18, 12),
(1162, 'B.B.Q Pizza', '680', 'Medium', 'Chicken Cheese, Mushroom, Capsicum,  tomato, BBQ Sauce.', 18, 12),
(1163, 'B.B.Q Pizza', '980', 'Large', 'Chicken Cheese, Mushroom, Capsicum,  tomato, BBQ Sauce.', 18, 12),
(1164, 'B.B.Q Pizza', '1370', 'Full', 'Chicken Cheese, Mushroom, Capsicum,  tomato, BBQ Sauce.', 18, 12),
(1165, 'Veggi Lover', '380', 'Small ', 'Sweet Corn, Cheese, Mushroom, Black Olives, Capsicum, Tomato.', 18, 12),
(1166, 'Veggi Lover', '650', 'Medium', 'Sweet Corn, Cheese, Mushroom, Black Olives, Capsicum, Tomato.', 18, 12),
(1167, 'Veggi Lover', '880', 'Large', 'Sweet Corn, Cheese, Mushroom, Black Olives, Capsicum, Tomato.', 18, 12),
(1168, 'Veggi Lover', '1150', 'Full', 'Sweet Corn, Cheese, Mushroom, Black Olives, Capsicum, Tomato.', 18, 12),
(1169, 'Chees Lover', '380', 'Small ', 'Cheese Cheese Cheese', 18, 12),
(1170, 'Chees Lover', '650', 'Medium', 'Cheese Cheese Cheese', 18, 12),
(1171, 'Chees Lover', '880', 'Large', 'Cheese Cheese Cheese', 18, 12),
(1172, 'Chees Lover', '1150', 'Full', 'Cheese Cheese Cheese', 18, 12),
(1173, 'Extra Topping', '80', 'Small ', '', 18, 12),
(1174, 'Extra Topping', '120', 'Medium', '', 18, 12),
(1175, 'Extra Topping', '150', 'Large', '', 18, 12),
(1176, 'Extra Topping', '200', 'Full', '', 18, 12),
(1177, 'Thai Chicken Cashew Nut', '380', '', 'Thai Style Chicken, Vegetable, Cashew nut, curry', 41, 12),
(1178, 'Thai Chicken Oyster', '380', '', 'Strips of Chicken, Oyster Sauce.', 41, 12),
(1179, 'Beef Chili dry', '370', '', 'Beef, Green Chili, Oyster Sauce.', 41, 12),
(1180, 'Chicken Chili Dry', '390', '', 'Strips of Chicken, Green Chili, Oyster Sauce.', 41, 12),
(1181, 'Chicken Manchurian', '360', '', 'Cubes of Chicken, Tomato Sauce, Chili', 41, 12),
(1182, 'Chines Chicken & Vegetable', '340', '', 'Strips of Chicken, Garlic Sauce, and Vegetable.', 41, 12),
(1183, 'Garlic Chicken', '350', '', 'Chicken cooked in garlic sauce.', 41, 12),
(1184, 'Ch Shawarma', '130', '', '', 41, 12),
(1185, 'Ch Cheese Shawarma', '160', '', '', 41, 12),
(1186, 'Fish Shawarma', '180', '', '', 41, 12),
(1187, 'Fish Cheese Shawarma', '210', '', '', 41, 12),
(1188, 'Shami Kabab 2 Piece', '60', '', '', 41, 12),
(1189, 'Chicken Fried Rice', '300', '', '', 115, 12),
(1190, 'Egg Fried Rice', '220', '', '', 115, 12),
(1191, 'Arabian Rice', '180', '', '', 115, 12),
(1192, 'Special Rice', '320', '', '', 115, 12),
(1193, 'Spicy Ch Chili Rice', '340', '', '', 115, 12),
(1194, 'Fish Rice', '340', '', '', 115, 12),
(1195, 'Rice & Wing', '270', '', '', 115, 12),
(1196, 'Chicken Shashlick', '350', '', '', 115, 12),
(1197, 'Chicken Chow-Mein', '350', '', '', 115, 12),
(1198, 'Chicken Tempura ', '320', '8 Piece', '', 116, 12),
(1199, 'Chicken Hotshot', '220', '8 Piece', '', 116, 12),
(1200, 'Crispy Fried Fish', '350', '5 Piece', '', 116, 12),
(1201, 'Fish Hotshot', '240', '8 Piece', '', 116, 12),
(1202, 'Finger Fish', '280', '5 Piece', '', 116, 12),
(1203, 'Nuggets', '200', '8 Piece', '', 116, 12),
(1204, 'Sausasages', '250', '5 Piece', '', 116, 12),
(1205, 'Grilled Chicken Salad', '250', '', '', 34, 12),
(1206, 'Russian Salad', '200', '', '', 34, 12),
(1207, 'Chef Special Salad', '280', '', '', 34, 12),
(1208, 'Chicken Piece', '120', '1 pc', '', 117, 12),
(1209, 'Chicken Pieces', '350', '3 pcs', '', 117, 12),
(1210, 'Chicken Pieces', '580', '5 pcs', '', 117, 12),
(1211, 'Chicken Pieces', '1150', '10 pcs', '', 117, 12),
(1212, 'Chicken Pieces', '2250', '20 pcs', '', 117, 12),
(1213, 'Zinger Meal', '360', '1 Zinger Burger, 1 Reg Fries, 1 Reg Drink', '', 118, 12),
(1214, 'WoW Meal 1', '370', '1 Zinger Burger, 1 Chicken Piece, 1 Reg Drink', '', 118, 12),
(1215, 'WoW Meal 2', '480', '1 Zinger Burger, 1 Chicken Piece, 1 Reg Fries, 1 Reg Drink', '', 118, 12),
(1216, 'WoW Meal 3', '380', '3 Chicken Piece 1 Reg Drink', '', 118, 12),
(1217, 'Tower Meal', '450', '1 Tower Burger, 1 Reg Fries, 1 Reg Drink', '', 118, 12),
(1218, 'Fish Meal ', '390', '1 Fish Burger 1 Reg Fries, 1 Reg Drink', '', 118, 12),
(1219, 'Thames SP Meal', '450', '1 Sp Burger, 1 Reg  Fries, 1 Reg Drink.', '', 118, 12),
(1220, 'Beef Meal', '380', '1 Beef Burger 1 Reg  Fries, 1 Reg Drink.', '', 118, 12),
(1221, 'Crispy Meal', '300', '1 Crispy Burger, 1 Reg  Fries, 1 Reg Drink.', '', 118, 12),
(1222, 'FireStone Meal', '300', '1 Fireston Burger, 1 Reg  Fries, 1 Reg Drink.', '', 118, 12),
(1223, 'Tikka Meal', '300', '1 Tikka Burger, 1 Reg  Fries, 1 Reg Drink.', '', 118, 12),
(1224, 'Ch Burger Meal', '310', '1 Chicken Burger, 1 Reg  Fries, 1 Reg Drink.', '', 118, 12),
(1225, 'Ch Chunks Deal', '350', '8 Chicken Chunks, 1 Reg  Fries, 1 Reg Drink.', '', 118, 12),
(1226, 'Fish Chunks Deal', '370', '8 Fish Chunks, 1 Reg  Fries, 1 Reg Drink.', '', 118, 12),
(1227, 'Hotwings Deal', '330', '8 Hotwings, 1 Reg  Fries, 1 Reg Drink.', '', 118, 12),
(1228, 'Kidy Meal 1', '310', '1 Crispy Burger, 1 Reg  Fries, 1 Reg Drink, 1 Toy.', '', 118, 12),
(1229, 'Kidy Meal 2', '310', '6 Chicken Nuggets, 1 Reg  Fries, 1 Reg Drink, 1 Toy.', '', 118, 12),
(1230, 'Kidy Meal 3', '310', '1 Firestone Burger, 1 Reg  Fries, 1 Reg Drink, 1 Toy.', '', 118, 12),
(1231, 'Rice Deal 1', '380', '1 Chicken Fried Rice, 2 Pc Shami Kabab, 1 Reg Drink.', '', 118, 12),
(1232, 'Chili Dry Deal', '410', '1 Chicken Chili Dry, 1 Reg Drink.', '', 118, 12),
(1233, 'Soup Deal 1', '410', '2 Chicken Corn Soup, 2 Reg Fries.', '', 118, 12),
(1234, 'Soup Deal 2', '400', '2 Hot N Sour Soup, 1 L Fries.', '', 118, 12),
(1235, 'Shashlik Deal', '370', '1 Chicken Shashlik, 1 Reg Drink.', '', 118, 12),
(1236, 'Chow-Mein Deal', '370', '1 Chicken Chowmein, 1 Reg Drink.', '', 118, 12),
(1237, 'Th Chicken Deal', '250', '1 Chicken Piece, 1 Reg Fries, 1 Reg Drink.', '', 118, 12),
(1238, 'Family Deal 1', '1990', '5 Zinger Burgers, 5 Chicken Pieces, 2 Reg Fries, 1 Pc 1.5 Ltr Drink.', '', 118, 12),
(1239, 'Family Deal 2', '1990', '1 Special Large Pizza, 4 Zinger Burgers, 1 Pc 1.5 Ltr Drink', '', 118, 12),
(1240, 'Family Deal 3', '1420', '4 Crispy Burgers, 4 Chicken Pieces, 2 Reg Fries, 1 Pc 1.5 Ltr Drink.', '', 118, 12),
(1241, 'Family Deal 4', '1230', '8 Chicken Pieces,2 Reg Fries, 1 Pc 1.5 Ltr Drink.', '', 118, 12),
(1242, 'Family Deal 5', '890', '3 Zinger Burgers, 1 Large Fries, 1 Pc 1.5 Ltr Drink.', '', 118, 12),
(1243, 'Thames Special Deal -1', '2550', '1 Special Family Pizza, 5 Zinger Burgers, 1 Pc 1.5 Ltr Drink.', '', 118, 12),
(1244, 'Thames Special Deal -2', '2100', '2 Sp Large Pizza, 1 Pc 1.5 Ltr Drink.', '', 118, 12),
(1245, 'Thames Special Deal -3', '1480', '2 Sp Medium Pizza, 1 Pc 1.5 Ltr Drink.', '', 118, 12),
(1246, 'Thames Special Deal -4', '1460', '1 Sp Medium Pizza, 3 Zinger Burgers, 1 Pc 1.5 Ltr Drink.', '', 118, 12),
(1247, 'Supreme Deal', '2890', '2 Sp Family Pizza, 2 Pc 1.5 Ltr Drink.', '', 118, 12),
(1248, 'Customer Choice 1', '1690', '5 Zinger, 1 Crispy Fried Fish, 1 Large Fries, 1 Pc 1.5 Ltr Drink.', '', 118, 12),
(1249, 'Customer Choice 2', '1080', '1 Sp Medium Pizza, 1 Fish Rice, 2 Reg Drink.', '', 118, 12),
(1250, 'Customer Choice 3', '950', '5 Chicken Burger, 1 Pc 1.5 Ltr Drink.', '', 118, 12),
(1251, 'Customer Choice 4', '620', '1 Fish Hotshot, 2 Crispy Burgers, 2 Pc 1 Reg Drink.', '', 118, 12),
(1252, 'Fast Food Plater', '3400', '1 Special Family Pizza, 6 Zinger Burgers, 1 Ch Chowmein, 1 Ch Hotwing, 2 Pc 1.5 Ltr Drink.', '', 118, 12),
(1253, '3 Person Deal', '1130', '1 Spe Med Pizza, 3 Chicken Pcs, 3 Reg Drink.', '', 118, 12),
(1254, '2 Person Deal (Pizza)', '940', '1 Spe Med Pizza, 2 Zinger Burgers, 2  Reg Drink.', '', 118, 12),
(1255, '2 Person Deal (Ch Pcs)', '870', '2 Zinger Burger, 2 Chicken Pieces, 1 Large Fries, 2 Reg Drinks', '', 118, 12),
(1256, 'Fish Fries Deal', '300', '3 Fish Pcs, 1 Reg Fries, 1 Reg Drink.', '', 118, 12),
(1257, 'Chinese Platter', '1030', '1 Rice Wing, 1 Ch Manchorian, 1 Ch Chowmein, 1 Pc 1.5 Ltr Drink.', '', 118, 12),
(1258, 'Zinger Burger', '230', '', '', 17, 12),
(1259, 'Zinger Cheese Burger', '260', '', '', 17, 12),
(1260, 'Thames Special Burger', '320', '', '', 17, 12),
(1261, 'Beef Burger', '250', '', '', 17, 12),
(1262, 'Tower Burger', '320', '', '', 17, 12),
(1263, 'Fish Burger', '260', '', '', 17, 12),
(1264, 'Fish Cheese Burger', '290', '', '', 17, 12),
(1265, 'Fire Stone Burger', '170', '', '', 17, 12),
(1266, 'Crispy Burger', '170', '', '', 17, 12),
(1267, 'Chicken Burger', '180', '', '', 17, 12),
(1268, 'Tikka Burger', '170', '', '', 17, 12),
(1269, 'Shami Burger', '170', '', '', 17, 12),
(1270, 'Thunder Fillet Burger', '250', '', '', 17, 12),
(1271, 'Spicy Fillet Burger', '350', '', '', 17, 12),
(1272, 'SP Jalapeno Burger', '360', '', '', 17, 12),
(1273, 'Capsicum Egg Burger', '150', '', '', 17, 12),
(1274, 'Extra Cheese', '30', '', '', 17, 12),
(1275, 'Arizona Steak', '650', '', 'Chargrilled Beef or Chicken topped with spicy American Sauce.', 119, 12),
(1276, 'Mushroom Steak', '650', '', 'Tender line Chargrilled beef or chicken topped with creamy mushroom sauce.', 119, 12),
(1277, 'Pepper Steak', '650', '', 'Tender line beef or chicken medallion grilled topped with pepper corn sauce.', 119, 12),
(1278, 'Polo Tuscany', '650', '', 'Char Grilled steak topped with chef special sauce and slice cheese.', 119, 12),
(1279, 'Mexican Steak', '650', '', 'Chargrilled tender line topped with spicy salsa sauce and slice cheese.', 119, 12),
(1280, 'Arizona Steak', '650', '', 'Chargrilled Beef or Chicken topped with spicy American Sauce.', 119, 12),
(1281, 'Mushroom Steak', '650', '', 'Tender line Chargrilled beef or chicken topped with creamy mushroom sauce.', 119, 12),
(1282, 'Special Steak', '640', '', 'Chargrilled chicken or beef with white special sauce and slice cheese.', 119, 12),
(1283, 'Chicken Corn Soup', '110', '', '', 120, 12),
(1284, 'Hot & Sour Soup', '140', '', '', 120, 12),
(1285, 'Cream of Chicken', '150', '', '', 120, 12),
(1286, 'Reg Drink', '40', '', '', 120, 12),
(1287, 'Large Drink', '120', '', '', 120, 12),
(1288, 'Mineral Water Small', '40', '', '', 120, 12),
(1289, 'Mineral Water Large', '60', '', '', 120, 12),
(1290, 'Fresh Lime', '70', '', '', 120, 12),
(1291, 'Sting/Juice', '60', '', '', 120, 12),
(1292, 'Green Tea', '40', '', '', 120, 12),
(1293, 'Tea', '80', '', '', 120, 12),
(1294, 'Coffee', '120', '', '', 120, 12),
(1295, 'Ice Cream (Available Flavors)', '150', '', '', 120, 12),
(1296, 'Regular Fries', '110', '', '', 121, 12),
(1297, 'Large Fries', '140', '', '', 121, 12),
(1298, 'Family Fries', '300', '', '', 121, 12),
(1299, 'Garlic Mayo Fries', '180', '', '', 121, 12),
(1300, 'Masala Fries', '160', '', '', 121, 12),
(1301, 'Hot Fries', '180', '', '', 121, 12),
(1302, 'BBQ Fries', '180', '', '', 121, 12),
(1303, 'Sweet & Sour Fries', '180', '', '', 121, 12),
(1304, 'United Fries.', '220', '', '', 121, 12),
(1305, 'Hot Chili Wings', '280', '8 Pc', '', 122, 12),
(1306, 'BBQ Wings', '200', '8 Pc', '', 122, 12),
(1307, 'Honey Wings', '290', '8 Pc', '', 122, 12),
(1308, 'Garlic Wings (Crispy)', '250', '8 Pc', '', 122, 12),
(1309, 'Hotwings (Crispy)', '200', '8 Pc', '', 122, 12),
(1310, 'Masala Wings', '200', '8 Pc', '', 122, 12),
(1311, 'Sweet & Sour Wings', '200', '8 Pc', '', 122, 12),
(1312, 'Jalil Sp Soup', '400', '', '', 1, 13),
(1313, 'Hot & Sour Soup', '360', '', '', 1, 13),
(1314, 'Chicken Corn Soup', '350', '', '', 1, 13),
(1315, 'Chicken Almond Soup', '400', '', '', 1, 13),
(1316, 'Chicken Thai Soup', '300', '', '', 1, 13),
(1317, 'Chicken Noodle Soup', '300', '', '', 1, 13),
(1318, 'B-19 Soup', '450', '', '', 1, 13),
(1319, 'Jalil Sp Kabuli Pulao', '300', '', '', 123, 13),
(1320, 'Chicken Biryani', '300', '', '', 123, 13),
(1321, 'Special Rice', '350', '', '', 9, 13),
(1322, 'Chicken Fried Rice', '320', '', '', 9, 13),
(1323, 'Beef Fried Rice', '300', '', '', 9, 13),
(1324, 'Vegetable Rice', '280', '', '', 9, 13),
(1325, 'Egg Fried Rice', '280', '', '', 9, 13),
(1326, 'Beef CC Rice', '300', '', '', 9, 13),
(1327, 'Chicken Masala Rice', '300', '', '', 9, 13),
(1328, 'Plain Rice', '200', '', '', 9, 13),
(1329, 'Chicken Tomato Rice', '350', '', '', 9, 13),
(1330, 'Chicken Garlic Rice', '350', '', '', 9, 13),
(1331, 'Special Chapli Kabab', '480', '', '', 124, 13),
(1332, 'Chicken Chapli Kabab', '500', '', '', 124, 13),
(1333, 'Special Plater (Full)', '3000', '', '', 11, 13),
(1334, 'Special Plater (Half)', '2000', '', '', 11, 13),
(1335, 'Chicken Sajji', '480', '', '', 94, 13),
(1336, 'Chicken Tikka', '140', '', '', 94, 13),
(1337, 'Chicken Boti', '280', '', '', 94, 13),
(1338, 'Reshmi Kabab 4 Pc', '300', '', '', 94, 13),
(1339, 'Chicken Malai Boti', '330', '', '', 94, 13),
(1340, 'Seekh Kabab 4 Pc', '200', '', '', 94, 13),
(1341, 'Batair BBQ 1 Pc', '100', '', '', 94, 13),
(1342, 'Beef Bihari Boti', '400', '', '', 94, 13),
(1343, 'Chicken Achari Boti', '320', '', '', 94, 13),
(1344, 'Fish Tikka 5 Pc', '340', '', '', 94, 13),
(1345, 'Chicken Karahi', '650', '', '', 82, 13),
(1346, 'Half Chicken Karahi', '350', '', '', 82, 13),
(1347, 'Batair Karahi 6 Pc', '650', '', '', 82, 13),
(1348, 'Fish Karahi', '550', '', '', 82, 13),
(1349, 'Seekh Kabab Karahi', '360', '', '', 82, 13),
(1350, 'Reshmi Kabab Karahi', '500', '', '', 82, 13),
(1351, 'Chicken Handi', '650', '', '', 82, 13),
(1352, 'Chicken Achar Handi', '650', '', '', 82, 13),
(1353, 'Fish Handi', '600', '', '', 82, 13),
(1354, 'Batair Handi 5 Pc', '600', '', '', 82, 13),
(1355, 'Reshmi Kabab Handi', '550', '', '', 82, 13),
(1356, 'Shab Daig', '650', '', '', 82, 13),
(1357, 'Chicken Ginger', '400', '', '', 82, 13),
(1358, 'Chicken Jalfarezi', '400', '', '', 82, 13),
(1359, 'Chicken Mushrooms Zaitoni', '500', '', '', 82, 13),
(1360, 'Chicken Qurma', '450', '', '', 82, 13),
(1361, 'Chicken Masala', '380', '', '', 82, 13),
(1362, 'Mutton Brain Masala', '400', '', '', 82, 13),
(1363, 'Daal-e-Mash', '250', '', '', 82, 13),
(1364, 'Mix Vegetable', '250', '', '', 82, 13),
(1365, 'French Fries', '100', '', '', 82, 13),
(1366, 'Fried Fish (Sardaryab River)', '450', '', '', 86, 13),
(1367, 'Crispy Fried Fish', '600', '', '', 86, 13),
(1368, 'Dhaka Fish', '350', '', '', 86, 13),
(1369, 'Special Salad', '200', '', '', 34, 13),
(1370, 'Russian Salad', '180', '', '', 34, 13),
(1371, 'Fresh Salad', '50', '', '', 34, 13),
(1372, 'Kachumber Salad', '100', '', '', 34, 13),
(1373, 'Raita', '50', '', '', 34, 13),
(1374, 'Yougurt', '40', '', '', 34, 13),
(1375, 'Plain NAN', '12', '', '', 54, 13),
(1376, 'Roghni Nan', '20', '', '', 54, 13),
(1377, 'Cold Drinks 1.5 Ltr', '100', '', '', 27, 13),
(1378, 'Reg Drik', '30', '', '', 27, 13),
(1379, 'Fresh Lime', '40', '', '', 27, 13),
(1380, 'Diet Can', '60', '', '', 27, 13),
(1381, 'Lassi Sweet/Salti', '100', '', '', 27, 13),
(1382, 'Mineral Water', '60', '', '', 27, 13),
(1383, 'Tea', '40', '', '', 27, 13),
(1384, 'Green Tea', '20', '', '', 27, 13),
(1385, 'Jalil Sp Chow Mein', '350', '', '', 41, 13),
(1386, 'Chicken Chow Mein', '330', '', '', 41, 13),
(1387, 'Beef Chow Mein', '350', '', '', 41, 13),
(1388, 'Vegetable Chow Mein', '280', '', '', 41, 13),
(1389, 'Special Chicken', '350', '', '', 41, 13),
(1390, 'Chicken Manchurian', '400', '', '', 41, 13),
(1391, 'Chicken Shashlik with Rice', '430', '', '', 41, 13),
(1392, 'Chicken Chili Dry Sauce', '400', '', '', 41, 13),
(1393, 'Beef Chili Dry ', '400', '', '', 41, 13),
(1394, 'Fish Chili Dry', '300', '', '', 41, 13),
(1395, 'Chicken Vegetable', '350', '', '', 41, 13),
(1396, 'Sweet & Sour Chicken', '350', '', '', 41, 13),
(1397, 'Sweet & Sour Fish', '400', '', '', 41, 13),
(1398, 'Dhaka Fish', '400', '', '', 41, 13),
(1399, 'Chicken Drum Sticks', '400', '', '', 41, 13),
(1400, 'Chicken Garlic Sauce', '350', '', '', 41, 13),
(1401, 'Chicken With Pineapple', '400', '', '', 41, 13),
(1402, 'Chicken with Almonds', '380', '', '', 41, 13),
(1403, 'Fish with Mix Vegetable', '400', '', '', 41, 13),
(1404, 'Chicken Steam Roast Full', '480', '', '', 41, 13),
(1405, 'Chief Specail Burger', '380', '', '', 17, 14),
(1406, 'Jumbo Kabab Burger', '300', '', '', 17, 14),
(1407, 'Jumbo Cheese Burger', '330', '', '', 17, 14),
(1408, 'Chicken Tikka Burger', '270', '', '', 17, 14),
(1409, 'Chicken Cheese Tikka Burger', '300', '', '', 17, 14),
(1410, 'Chicken Burger', '250', '', '', 17, 14),
(1411, 'Chicken Cheese Burger', '280', '', '', 17, 14),
(1412, 'Chicken Steak Burger (Zinger)', '280', '', '', 17, 14),
(1413, 'Chicken Cheese Steak Burger (Zinger)', '310', '', '', 17, 14),
(1414, 'Beef Burger', '290', '', '', 17, 14),
(1415, 'Beef Cheese Burger', '320', '', '', 17, 14),
(1416, 'Beef Cheese Steak Burger', '340', '', '', 17, 14),
(1417, 'Kabab Beef Burger', '230', '', '', 17, 14),
(1418, 'Kabab Beef Cheese Burger', '260', '', '', 17, 14),
(1419, 'FrenkFurter Burger (sausages)', '200', '', '', 17, 14),
(1420, 'Frenkfurter Cheese Burger', '230', '', '', 17, 14),
(1421, 'Meat Loaf Burger', '200', '', '', 17, 14),
(1422, 'Meat Loaf Cheese Burger', '220', '', '', 17, 14),
(1423, 'Fish Burger', '260', '', '', 17, 14),
(1424, 'Fish Cheese Burger', '290', '', '', 17, 14),
(1425, 'Cheese Burger', '190', '', '', 17, 14),
(1426, 'Pineapple Burger', '320', '', '', 17, 14),
(1427, 'Shami Burger', '200', '', '', 17, 14),
(1428, 'Shami Cheese Burger', '230', '', '', 17, 14),
(1429, 'Egg Burger', '140', '', '', 17, 14),
(1430, 'Egg Cheese Burger', '170', '', '', 17, 14),
(1431, 'Kids Burger', '190', '', '', 17, 14),
(1432, 'Kids Cheese Burger', '220', '', '', 17, 14),
(1433, 'Loose Burger', '150', '', '', 17, 14),
(1434, 'Jalapeno Burger', '260', '', '', 17, 14),
(1435, 'Jalapeno Cheese Burger', '290', '', '', 17, 14),
(1436, 'Cutlets Burger', '120', '', '', 17, 14),
(1437, 'Cutlets Cheese Burger', '150', '', '', 17, 14),
(1438, 'Extra Cheese', '30', '', '', 17, 14),
(1439, 'Extra Egg', '20', '', '', 17, 14),
(1440, 'Chicken Full', '480', '', '', 125, 14),
(1441, 'Chicken Piece', '120', '', '', 125, 14),
(1442, 'Spicy Chicken', '480', '', '', 125, 14),
(1443, '01 Chicken Piece', '120', '', '', 126, 14),
(1444, '2 Chicken Piece', '230', '', '', 126, 14),
(1445, '3 Chicken Piece', '330', '', '', 126, 14),
(1446, '5 Chicken Piece', '550', '', '', 126, 14),
(1447, '10 Chicken Piece', '1080', '', '', 126, 14),
(1448, '15 Chicken Piece', '1580', '', '', 126, 14),
(1449, '20 Chicken Piece', '2170', '', '', 126, 14),
(1450, 'Chicken Chow Mein', '330', '', '', 41, 14),
(1451, 'Chicken Manchurain', '330', '', '', 41, 14),
(1452, 'Chicken Shashlik', '330', '', '', 41, 14),
(1453, 'Chicken Vegetable With Rice', '330', '', '', 41, 14),
(1454, 'Extra Rice', '80', '', '', 41, 14),
(1455, 'Chicken Macaroni', '330', '', '', 41, 14),
(1456, 'Chicken Tikka', '390', 'Small', 'Cheese , B.B Chicken, Green Pepper, Onion, Black Olives, Mushroom', 18, 14),
(1457, 'Chicken Tikka', '660', 'Medium', 'Cheese , B.B Chicken, Green Pepper, Onion, Black Olives, Mushroom', 18, 14),
(1458, 'Chicken Tikka', '920', 'Large', 'Cheese , B.B Chicken, Green Pepper, Onion, Black Olives, Mushroom', 18, 14),
(1459, 'Chicken Tikka', '1230', 'Full', 'Cheese , B.B Chicken, Green Pepper, Onion, Black Olives, Mushroom', 18, 14),
(1460, 'Bologna (Chicken)', '390', 'Small', 'Cheese , Chicken, Black Olives, Mushroom, Green Pepper, Onion', 18, 14),
(1461, 'Bologna (Chicken)', '660', 'Medium', 'Cheese , Chicken, Black Olives, Mushroom, Green Pepper, Onion', 18, 14),
(1462, 'Bologna (Chicken)', '920', 'Large', 'Cheese , Chicken, Black Olives, Mushroom, Green Pepper, Onion', 18, 14),
(1463, 'Bologna (Chicken)', '1230', 'Full', 'Cheese , Chicken, Black Olives, Mushroom, Green Pepper, Onion', 18, 14),
(1464, 'Original (Beef)', '380', 'Small', 'Cheese , Beef, Black Olives, Mushroom, Onion,  Green Pepper', 18, 14),
(1465, 'Original (Beef)', '660', 'Medium', 'Cheese , Beef, Black Olives, Mushroom, Onion,  Green Pepper', 18, 14),
(1466, 'Original (Beef)', '920', 'Large', 'Cheese , Beef, Black Olives, Mushroom, Onion,  Green Pepper', 18, 14),
(1467, 'Original (Beef)', '1230', 'Full', 'Cheese , Beef, Black Olives, Mushroom, Onion,  Green Pepper', 18, 14),
(1468, 'Vegetarian', '350', 'Small', 'Cheese , Black Olives, Mushroom, Green Pepper, Tomato, Onion, Sweet Corn', 18, 14),
(1469, 'Vegetarian', '590', 'Medium', 'Cheese , Black Olives, Mushroom, Green Pepper, Tomato, Onion, Sweet Corn', 18, 14),
(1470, 'Vegetarian', '880', 'Large', 'Cheese , Black Olives, Mushroom, Green Pepper, Tomato, Onion, Sweet Corn', 18, 14),
(1471, 'Vegetarian', '1190', 'Full', 'Cheese , Black Olives, Mushroom, Green Pepper, Tomato, Onion, Sweet Corn', 18, 14),
(1472, 'Meaty', '380', 'Small', 'Cheese , Beef, Salami, Sausages', 18, 14),
(1473, 'Meaty', '660', 'Medium', 'Cheese , Beef, Salami, Sausage', 18, 14),
(1474, 'Meaty', '920', 'Large', 'Cheese , Beef, Salami, Sausage', 18, 14),
(1475, 'Meaty', '1220', 'Full', 'Cheese , Beef, Salami, Sausage', 18, 14),
(1476, 'Chief Special', '410', 'Small', 'Cheese, Beef, Salami, Chicken, Sausages, Smoked Veal, Mashroom, Black Olives, Green Pepper, Onions', 18, 14),
(1477, 'Chief Special', '650', 'Medium', 'Cheese, Beef, Salami, Chicken, Sausages, Smoked Veal, Mashroom, Black Olives, Green Pepper, Onions', 18, 14),
(1478, 'Chief Special', '930', 'Large', 'Cheese, Beef, Salami, Chicken, Sausages, Smoked Veal, Mashroom, Black Olives, Green Pepper, Onions', 18, 14),
(1479, 'Chief Special', '1240', 'Full', 'Cheese, Beef, Salami, Chicken, Sausages, Smoked Veal, Mashroom, Black Olives, Green Pepper, Onions', 18, 14),
(1480, 'Chief Choice', '410', 'Small', 'Extra Cheese, Beef, Salami, Chicken,Black Olives,Cheese, Green Pepper,Pineapple, Sausages, Mashroom', 18, 14),
(1481, 'Chief Choice', '650', 'Medium', 'Extra Cheese, Beef, Salami, Chicken,Black Olives,Cheese, Green Pepper,Pineapple, Sausages, Mashroom', 18, 14),
(1482, 'Chief Choice', '930', 'Large', 'Extra Cheese, Beef, Salami, Chicken,Black Olives,Cheese, Green Pepper,Pineapple, Sausages, Mashroom', 18, 14),
(1483, 'Chief Choice', '1240', 'Full', 'Extra Cheese, Beef, Salami, Chicken,Black Olives,Cheese, Green Pepper,Pineapple, Sausages, Mashroom', 18, 14),
(1484, 'Hawaiian Delight', '380', 'Small', 'Cheese, Salami, Sausages, Pineapple,  Black Olives, Mashroom,Capsicum', 18, 14),
(1485, 'Hawaiian Delight', '640', 'Medium', 'Cheese, Salami, Sausages, Pineapple,  Black Olives, Mashroom,Capsicum', 18, 14),
(1486, 'Hawaiian Delight', '920', 'Large', 'Cheese, Salami, Sausages, Pineapple,  Black Olives, Mashroom,Capsicum', 18, 14),
(1487, 'Hawaiian Delight', '1230', 'Full', 'Cheese, Salami, Sausages, Pineapple,  Black Olives, Mashroom,Capsicum', 18, 14),
(1488, 'Hunter', '380', 'Small', 'Cheese, Hunter Sausages, Onions, Green Pepper, Mashroom, Black Olives', 18, 14),
(1489, 'Hunter', '640', 'Medium', 'Cheese, Hunter Sausages, Onions, Green Pepper, Mashroom, Black Olives', 18, 14),
(1490, 'Hunter', '930', 'Large', 'Cheese, Hunter Sausages, Onions, Green Pepper, Mashroom, Black Olives', 18, 14),
(1491, 'Hunter', '1230', 'Full', 'Cheese, Hunter Sausages, Onions, Green Pepper, Mashroom, Black Olives', 18, 14),
(1492, 'Power Pizza (Spicy)', '390', 'Small', 'Cheese, Beef, Mashroom, Hot Chilli, Spices, Green Pepper, Onions, Black Olives, Tomato', 18, 14),
(1493, 'Power Pizza (Spicy)', '640', 'Medium', 'Cheese, Beef, Mashroom, Hot Chilli, Spices, Green Pepper, Onions, Black Olives, Tomato', 18, 14),
(1494, 'Power Pizza (Spicy)', '920', 'Large', 'Cheese, Beef, Mashroom, Hot Chilli, Spices, Green Pepper, Onions, Black Olives, Tomato', 18, 14),
(1495, 'Power Pizza (Spicy)', '1230', 'Full', 'Cheese, Beef, Mashroom, Hot Chilli, Spices, Green Pepper, Onions, Black Olives, Tomato', 18, 14),
(1496, 'Four Seasons', '380', 'Small', 'Cheese, Salami,Minced Chicken, Sausage, Minced Beef', 18, 14),
(1497, 'Four Seasons', '650', 'Medium', 'Cheese, Salami,Minced Chicken, Sausage, Minced Beef', 18, 14),
(1498, 'Four Seasons', '910', 'Large', 'Cheese, Salami,Minced Chicken, Sausage, Minced Beef', 18, 14),
(1499, 'Four Seasons', '1230', 'Full', 'Cheese, Salami,Minced Chicken, Sausage, Minced Beef', 18, 14),
(1500, 'Mexican Chili', '380', 'Small', 'Cheese, Minced Beef, Onions, Topped with Corn, Green Pepper, Tomato', 18, 14),
(1501, 'Mexican Chili', '650', 'Medium', 'Cheese, Minced Beef, Onions, Topped with Corn, Green Pepper, Tomato', 18, 14),
(1502, 'Mexican Chili', '910', 'Large', 'Cheese, Minced Beef, Onions, Topped with Corn, Green Pepper, Tomato', 18, 14),
(1503, 'Mexican Chili', '1230', 'Full', 'Cheese, Minced Beef, Onions, Topped with Corn, Green Pepper, Tomato', 18, 14),
(1504, 'All Rounder', '380', 'Small', '1/4'''' Bologna, 1/4'''' Original, 1/4'''' Meaty, 1/4'''' Vegetarian  ', 18, 14),
(1505, 'All Rounder', '650', 'Medium', '1/4'''' Bologna, 1/4'''' Original, 1/4'''' Meaty, 1/4'''' Vegetarian  ', 18, 14),
(1506, 'All Rounder', '910', 'Large', '1/4'''' Bologna, 1/4'''' Original, 1/4'''' Meaty, 1/4'''' Vegetarian  ', 18, 14),
(1507, 'All Rounder', '1240', 'Full', '1/4'''' Bologna, 1/4'''' Original, 1/4'''' Meaty, 1/4'''' Vegetarian  ', 18, 14),
(1508, 'Cheese Pizza', '330', 'Small', 'Cheese, Tomato, Sauce', 18, 14),
(1509, 'Cheese Pizza', '550', 'Medium', 'Cheese, Tomato, Sauce', 18, 14),
(1510, 'Cheese Pizza', '850', 'Large', 'Cheese, Tomato, Sauce', 18, 14),
(1511, 'Cheese Pizza', '1130', 'Full', 'Cheese, Tomato, Sauce', 18, 14),
(1512, 'Super Supreme', '400', 'Small', 'Chicken, Tomato Paste, Cheese, Pineapple, Mixed Fruits, etc', 18, 14),
(1513, 'Super Supreme', '670', 'Medium', 'Chicken, Tomato Paste, Cheese, Pineapple, Mixed Fruits, etc', 18, 14),
(1514, 'Super Supreme', '910', 'Large', 'Chicken, Tomato Paste, Cheese, Pineapple, Mixed Fruits, etc', 18, 14),
(1515, 'Super Supreme', '1240', 'Full', 'Chicken, Tomato Paste, Cheese, Pineapple, Mixed Fruits, etc', 18, 14),
(1516, 'Milano Pizza', '380', 'Small', 'Chicken, Sweet Corn, Pineapple, Mushroom, Olives, Capsicum', 18, 14),
(1517, 'Milano Pizza', '640', 'Medium', 'Chicken, Sweet Corn, Pineapple, Mushroom, Olives, Capsicum', 18, 14),
(1518, 'Milano Pizza', '900', 'Large', 'Chicken, Sweet Corn, Pineapple, Mushroom, Olives, Capsicum', 18, 14),
(1519, 'Milano Pizza', '1180', 'Full', 'Chicken, Sweet Corn, Pineapple, Mushroom, Olives, Capsicum', 18, 14);
INSERT INTO `food_menu` (`fm_id`, `food_name`, `price`, `quantity`, `desc`, `food_type`, `res_id`) VALUES
(1520, 'Turbo Power Toppings', '100', 'Small', 'Mushrooms, black Olives, Pineapple, Green Papper, Onion, Tomato, Beef, Chicken, Salami, Italian Sausages, Cheese, Sweet Corn, Paprika, Mix Fruits', 18, 14),
(1521, 'Turbo Power Toppings', '140', 'Medium', 'Mushrooms, black Olives, Pineapple, Green Papper, Onion, Tomato, Beef, Chicken, Salami, Italian Sausages, Cheese, Sweet Corn, Paprika, Mix Fruits', 18, 14),
(1522, 'Turbo Power Toppings', '170', 'Large', 'Mushrooms, black Olives, Pineapple, Green Papper, Onion, Tomato, Beef, Chicken, Salami, Italian Sausages, Cheese, Sweet Corn, Paprika, Mix Fruits', 18, 14),
(1523, 'Turbo Power Toppings', '190', 'Full', 'Mushrooms, black Olives, Pineapple, Green Papper, Onion, Tomato, Beef, Chicken, Salami, Italian Sausages, Cheese, Sweet Corn, Paprika, Mix Fruits', 18, 14),
(1524, 'Calzone Pizza', '420', 'Small', 'Cheese, Beef, Salami, Chicken, Sausages, Smoked Veal, Mashroom, Black Olives, Green Pepper, Onions, Jalapeno', 18, 14),
(1525, 'Calzone Pizza', '640', 'Medium', 'Cheese, Beef, Salami, Chicken, Sausages, Smoked Veal, Mashroom, Black Olives, Green Pepper, Onions, Jalapeno', 18, 14),
(1526, 'Calzone Pizza', '860', 'Large', 'Cheese, Beef, Salami, Chicken, Sausages, Smoked Veal, Mashroom, Black Olives, Green Pepper, Onions, Jalapeno', 18, 14),
(1527, 'Calzone Pizza', '1080', 'Full', 'Cheese, Beef, Salami, Chicken, Sausages, Smoked Veal, Mashroom, Black Olives, Green Pepper, Onions, Jalapeno', 18, 14),
(1528, 'Italian Lasagne', '550', '', 'With Meat Sauce, Home Made Lasagne Pasta Layer With Rich Cheese, Tomato & Meat Sauce on Your Choice (beef Or Chicken)', 18, 14),
(1529, 'Spaghetti Bolognaise', '550', '', 'With Meat Sauce, Made Spagetti, Pastalayerd With Rich Cheese', 18, 14),
(1530, 'Speghetti', '510', '', 'With Sausages & Mushrooms, With Red Purse Made Spaghetti, Pasta Layerd With Sausages & Mashrooms', 18, 14),
(1531, 'Club Sandwich', '240', '', '', 35, 14),
(1532, 'Chicken Sandwich', '180', '', '', 35, 14),
(1533, 'Chk. Cheese Sandwich', '210', '', '', 35, 14),
(1534, 'Rost Beef Sandwich', '160', '', '', 35, 14),
(1535, 'Panini Sandwich (Chicken/Beef)', '400', '', '', 35, 14),
(1536, 'Vegetarian Sandwich', '120', '', '', 35, 14),
(1537, 'Chicken Egg Roll', '110', '', '', 127, 14),
(1538, 'German Roll', '150', '', '', 127, 14),
(1539, 'American Steak', '650', '', '', 39, 14),
(1540, 'Black Pepper Steak', '650', '', '', 39, 14),
(1541, 'Chicken Steak with mushroom sauce', '650', '', '', 39, 14),
(1542, 'Chicken Steak with pepper sauce', '650', '', '', 39, 14),
(1543, 'French Fries', '130', '', '', 128, 14),
(1544, 'Chicken Tempura ', '350', '', 'Served with salsa sauce and french fries', 128, 14),
(1545, 'Fish & Chips', '390', '', '(Alaska)', 128, 14),
(1546, 'Chicken Nuggets', '240', '10 Pieces', '', 128, 14),
(1547, 'Chicken Wings Plate', '240', '', '', 128, 14),
(1548, 'Monticarlo Sandwich', '180', '', '', 128, 14),
(1549, 'Beef Pie', '160', '', '', 128, 14),
(1550, 'Shami Kabab', '30', 'per piece', '', 128, 14),
(1551, 'Cutlets', '20', '', 'Two Pieces Per Plate', 128, 14),
(1552, 'Garlic Bread', '110', '', 'With Cheese', 128, 14),
(1553, 'Garlic Bread', '110', '', 'With Butter Sauce', 128, 14),
(1554, 'Garlic Bread with butter Sauce', '110', '', 'With Butter Salami Sauce', 128, 14),
(1555, 'Chicken Corn Soup', '100', '', '', 129, 14),
(1556, 'Hot & Sour Soup', '120', '', '', 129, 14),
(1557, 'Chief Special Soup', '150', '', '', 129, 14),
(1558, 'Salad Small Cup', '40', '', '', 34, 14),
(1559, 'Salad Large Cup', '80', '', '', 34, 14),
(1560, 'Pepsi, 7up, Miranda, M.Dew', '30', '', '', 27, 14),
(1561, 'Mineral Water Ltr.', '70', '', '', 27, 14),
(1562, 'Can ( Large)', '60', '', '', 27, 14),
(1563, 'Can (Small)', '50', '', '', 27, 14),
(1564, 'Diet Pepsi', '60', '', '', 27, 14),
(1565, 'Mineral Water (Small)', '40', '', '', 27, 14),
(1566, 'Fresh Lemonade', '60', '', '', 27, 14),
(1567, 'Slush', '80', '', '', 27, 14),
(1568, 'Shakes', '150', '', '', 27, 14),
(1569, 'Cold Coffee', '150', '', '', 27, 14),
(1570, 'Coffee/Cappuccino', '90', '', '', 130, 14),
(1571, 'Tea Bag', '30', '', '', 130, 14),
(1572, 'Double Tea Bags', '40', '', '', 130, 14),
(1573, 'Green Tea', '20', '', '', 130, 14),
(1574, 'Extra Tea Bag', '10', '', '', 130, 14),
(1575, 'Kulfa', '120', 'Per Cup', '', 60, 14),
(1576, 'Orange', '120', 'Per Cup', '', 60, 14),
(1577, 'Vanilla', '120', 'Per Cup', '', 60, 14),
(1578, 'Strawberry', '120', 'Per Cup', '', 60, 14),
(1579, 'Mango', '120', 'Per Cup', '', 60, 14),
(1580, 'Chocolate', '120', 'Per Cup', '', 60, 14),
(1581, 'Tuti Fruiti', '120', 'Per Cup', '', 60, 14),
(1582, 'Praline', '120', 'Per Cup', '', 60, 14),
(1583, 'Pineapple', '120', 'Per Cup', '', 60, 14),
(1584, 'Pistachio', '120', 'Per Cup', '', 60, 14),
(1585, 'Coffee Ice Cream', '120', 'Per Cup', '', 60, 14),
(1586, 'Blueberry', '120', 'Per Cup', '', 60, 14);

-- --------------------------------------------------------

--
-- Table structure for table `icons`
--

CREATE TABLE IF NOT EXISTS `icons` (
  `icon_id` int(11) NOT NULL AUTO_INCREMENT,
  `icon_title` varchar(255) NOT NULL,
  `icon_category` varchar(21) DEFAULT NULL,
  PRIMARY KEY (`icon_id`)
) ENGINE=InnoDB  DEFAULT CHARSET=latin1 AUTO_INCREMENT=459 ;

--
-- Dumping data for table `icons`
--

INSERT INTO `icons` (`icon_id`, `icon_title`, `icon_category`) VALUES
(1, 'fa-rub', 'New Icons'),
(2, 'fa-ruble', 'New Icons'),
(3, 'fa-rouble', 'New Icons'),
(4, 'fa-pagelines', 'New Icons'),
(5, 'fa-stack-exchange', 'New Icons'),
(6, 'fa-arrow-circle-o-right', 'New Icons'),
(7, 'fa-arrow-circle-o-left', 'New Icons'),
(8, 'fa-caret-square-o-left', 'New Icons'),
(9, 'fa-toggle-left', 'New Icons'),
(10, 'fa-dot-circle-o', 'New Icons'),
(11, 'fa-wheelchair', 'New Icons'),
(12, 'fa-vimeo-square', 'New Icons'),
(13, 'fa-try', 'New Icons'),
(14, 'fa-turkish-lira', 'New Icons'),
(15, 'fa-plus-square-o', 'New Icons'),
(16, 'fa-adjust', 'Web Application Icons'),
(17, 'fa-anchor', 'Web Application Icons'),
(18, 'fa-archive', 'Web Application Icons'),
(19, 'fa-arrows', 'Web Application Icons'),
(20, 'fa-arrows-h', 'Web Application Icons'),
(21, 'fa-arrows-v', 'Web Application Icons'),
(22, 'fa-asterisk', 'Web Application Icons'),
(23, 'fa-ban', 'Web Application Icons'),
(24, 'fa-bar-chart-o', 'Web Application Icons'),
(25, 'fa-barcode', 'Web Application Icons'),
(26, 'fa-bars', 'Web Application Icons'),
(27, 'fa-beer', 'Web Application Icons'),
(28, 'fa-bell', 'Web Application Icons'),
(29, 'fa-bell-o', 'Web Application Icons'),
(30, 'fa-bolt', 'Web Application Icons'),
(31, 'fa-book', 'Web Application Icons'),
(32, 'fa-bookmark', 'Web Application Icons'),
(33, 'fa-bookmark-o', 'Web Application Icons'),
(34, 'fa-briefcase', 'Web Application Icons'),
(35, 'fa-bug', 'Web Application Icons'),
(36, 'fa-building-o', 'Web Application Icons'),
(37, 'fa-bullhorn', 'Web Application Icons'),
(38, 'fa-bullseye', 'Web Application Icons'),
(39, 'fa-calendar', 'Web Application Icons'),
(40, 'fa-calendar-o', 'Web Application Icons'),
(41, 'fa-camera', 'Web Application Icons'),
(42, 'fa-camera-retro', 'Web Application Icons'),
(43, 'fa-caret-square-o-down', 'Web Application Icons'),
(44, 'fa-caret-square-o-left', 'Web Application Icons'),
(45, 'fa-caret-square-o-right', 'Web Application Icons'),
(46, 'fa-caret-square-o-up', 'Web Application Icons'),
(47, 'fa-certificate', 'Web Application Icons'),
(48, 'fa-check', 'Web Application Icons'),
(49, 'fa-check-circle', 'Web Application Icons'),
(50, 'fa-check-circle-o', 'Web Application Icons'),
(51, 'fa-check-square', 'Web Application Icons'),
(52, 'fa-check-square-o', 'Web Application Icons'),
(53, 'fa-circle', 'Web Application Icons'),
(54, 'fa-circle-o', 'Web Application Icons'),
(55, 'fa-clock-o', 'Web Application Icons'),
(56, 'fa-cloud', 'Web Application Icons'),
(57, 'fa-cloud-download', 'Web Application Icons'),
(58, 'fa-cloud-upload', 'Web Application Icons'),
(59, 'fa-code', 'Web Application Icons'),
(60, 'fa-code-fork', 'Web Application Icons'),
(61, 'fa-coffee', 'Web Application Icons'),
(62, 'fa-cog', 'Web Application Icons'),
(63, 'fa-cogs', 'Web Application Icons'),
(64, 'fa-comment', 'Web Application Icons'),
(65, 'fa-comment-o', 'Web Application Icons'),
(66, 'fa-comments', 'Web Application Icons'),
(67, 'fa-comments-o', 'Web Application Icons'),
(68, 'fa-compass', 'Web Application Icons'),
(69, 'fa-credit-card', 'Web Application Icons'),
(70, 'fa-crop', 'Web Application Icons'),
(71, 'fa-crosshairs', 'Web Application Icons'),
(72, 'fa-cutlery', 'Web Application Icons'),
(73, 'fa-dashboard', 'Web Application Icons'),
(74, 'fa-desktop', 'Web Application Icons'),
(75, 'fa-dot-circle-o', 'Web Application Icons'),
(76, 'fa-download', 'Web Application Icons'),
(77, 'fa-edit', 'Web Application Icons'),
(78, 'fa-ellipsis-h', 'Web Application Icons'),
(79, 'fa-ellipsis-v', 'Web Application Icons'),
(80, 'fa-envelope', 'Web Application Icons'),
(81, 'fa-envelope-o', 'Web Application Icons'),
(82, 'fa-eraser', 'Web Application Icons'),
(83, 'fa-exchange', 'Web Application Icons'),
(84, 'fa-exclamation', 'Web Application Icons'),
(85, 'fa-exclamation-circle', 'Web Application Icons'),
(86, 'fa-exclamation-triangle', 'Web Application Icons'),
(87, 'fa-external-link', 'Web Application Icons'),
(88, 'fa-external-link-square', 'Web Application Icons'),
(89, 'fa-eye', 'Web Application Icons'),
(90, 'fa-eye-slash', 'Web Application Icons'),
(91, 'fa-female', 'Web Application Icons'),
(92, 'fa-fighter-jet', 'Web Application Icons'),
(93, 'fa-film', 'Web Application Icons'),
(94, 'fa-filter', 'Web Application Icons'),
(95, 'fa-fire', 'Web Application Icons'),
(96, 'fa-fire-extinguisher', 'Web Application Icons'),
(97, 'fa-flag', 'Web Application Icons'),
(98, 'fa-flag-checkered', 'Web Application Icons'),
(99, 'fa-flag-o', 'Web Application Icons'),
(100, 'fa-flash', 'Web Application Icons'),
(101, 'fa-flask', 'Web Application Icons'),
(102, 'fa-folder', 'Web Application Icons'),
(103, 'fa-folder-o', 'Web Application Icons'),
(104, 'fa-folder-open', 'Web Application Icons'),
(105, 'fa-folder-open-o', 'Web Application Icons'),
(106, 'fa-frown-o', 'Web Application Icons'),
(107, 'fa-gamepad', 'Web Application Icons'),
(108, 'fa-gavel', 'Web Application Icons'),
(109, 'fa-gear', 'Web Application Icons'),
(110, 'fa-gears', 'Web Application Icons'),
(111, 'fa-gift', 'Web Application Icons'),
(112, 'fa-glass', 'Web Application Icons'),
(113, 'fa-globe', 'Web Application Icons'),
(114, 'fa-users', 'Web Application Icons'),
(115, 'fa-hdd-o', 'Web Application Icons'),
(116, 'fa-headphones', 'Web Application Icons'),
(117, 'fa-heart', 'Web Application Icons'),
(118, 'fa-heart-o', 'Web Application Icons'),
(119, 'fa-home', 'Web Application Icons'),
(120, 'fa-inbox', 'Web Application Icons'),
(121, 'fa-info', 'Web Application Icons'),
(122, 'fa-info-circle', 'Web Application Icons'),
(123, 'fa-key', 'Web Application Icons'),
(124, 'fa-keyboard-o', 'Web Application Icons'),
(125, 'fa-laptop', 'Web Application Icons'),
(126, 'fa-leaf', 'Web Application Icons'),
(127, 'fa-legal', 'Web Application Icons'),
(128, 'fa-lemon-o', 'Web Application Icons'),
(129, 'fa-level-down', 'Web Application Icons'),
(130, 'fa-level-up', 'Web Application Icons'),
(131, 'fa-lightbulb-o', 'Web Application Icons'),
(132, 'fa-location-arrow', 'Web Application Icons'),
(133, 'fa-lock', 'Web Application Icons'),
(134, 'fa-magic', 'Web Application Icons'),
(135, 'fa-magnet', 'Web Application Icons'),
(136, 'fa-mail-forward', 'Web Application Icons'),
(137, 'fa-mail-reply', 'Web Application Icons'),
(138, 'fa-mail-reply-all', 'Web Application Icons'),
(139, 'fa-male', 'Web Application Icons'),
(140, 'fa-map-marker', 'Web Application Icons'),
(141, 'fa-meh-o', 'Web Application Icons'),
(142, 'fa-microphone', 'Web Application Icons'),
(143, 'fa-microphone-slash', 'Web Application Icons'),
(144, 'fa-minus', 'Web Application Icons'),
(145, 'fa-minus-circle', 'Web Application Icons'),
(146, 'fa-minus-square', 'Web Application Icons'),
(147, 'fa-minus-square-o', 'Web Application Icons'),
(148, 'fa-mobile', 'Web Application Icons'),
(149, 'fa-mobile-phone', 'Web Application Icons'),
(150, 'fa-money', 'Web Application Icons'),
(151, 'fa-moon-o', 'Web Application Icons'),
(152, 'fa-music', 'Web Application Icons'),
(153, 'fa-pencil', 'Web Application Icons'),
(154, 'fa-pencil-square', 'Web Application Icons'),
(155, 'fa-pencil-square-o', 'Web Application Icons'),
(156, 'fa-phone', 'Web Application Icons'),
(157, 'fa-phone-square', 'Web Application Icons'),
(158, 'fa-picture-o', 'Web Application Icons'),
(159, 'fa-plane', 'Web Application Icons'),
(160, 'fa-plus', 'Web Application Icons'),
(161, 'fa-plus-circle', 'Web Application Icons'),
(162, 'fa-plus-square', 'Web Application Icons'),
(163, 'fa-plus-square-o', 'Web Application Icons'),
(164, 'fa-power-off', 'Web Application Icons'),
(165, 'fa-print', 'Web Application Icons'),
(166, 'fa-puzzle-piece', 'Web Application Icons'),
(167, 'fa-qrcode', 'Web Application Icons'),
(168, 'fa-question', 'Web Application Icons'),
(169, 'fa-question-circle', 'Web Application Icons'),
(170, 'fa-quote-left', 'Web Application Icons'),
(171, 'fa-quote-right', 'Web Application Icons'),
(172, 'fa-random', 'Web Application Icons'),
(173, 'fa-refresh', 'Web Application Icons'),
(174, 'fa-reply', 'Web Application Icons'),
(175, 'fa-reply-all', 'Web Application Icons'),
(176, 'fa-retweet', 'Web Application Icons'),
(177, 'fa-road', 'Web Application Icons'),
(178, 'fa-rocket', 'Web Application Icons'),
(179, 'fa-rss', 'Web Application Icons'),
(180, 'fa-rss-square', 'Web Application Icons'),
(181, 'fa-search', 'Web Application Icons'),
(182, 'fa-search-minus', 'Web Application Icons'),
(183, 'fa-search-plus', 'Web Application Icons'),
(184, 'fa-share', 'Web Application Icons'),
(185, 'fa-share-square', 'Web Application Icons'),
(186, 'fa-share-square-o', 'Web Application Icons'),
(187, 'fa-shield', 'Web Application Icons'),
(188, 'fa-shopping-cart', 'Web Application Icons'),
(189, 'fa-sign-in', 'Web Application Icons'),
(190, 'fa-sign-out', 'Web Application Icons'),
(191, 'fa-signal', 'Web Application Icons'),
(192, 'fa-sitemap', 'Web Application Icons'),
(193, 'fa-smile-o', 'Web Application Icons'),
(194, 'fa-sort', 'Web Application Icons'),
(195, 'fa-sort-alpha-asc', 'Web Application Icons'),
(196, 'fa-sort-alpha-desc', 'Web Application Icons'),
(197, 'fa-sort-amount-asc', 'Web Application Icons'),
(198, 'fa-sort-amount-desc', 'Web Application Icons'),
(199, 'fa-sort-asc', 'Web Application Icons'),
(200, 'fa-sort-desc', 'Web Application Icons'),
(201, 'fa-sort-down', 'Web Application Icons'),
(202, 'fa-sort-numeric-asc', 'Web Application Icons'),
(203, 'fa-sort-numeric-desc', 'Web Application Icons'),
(204, 'fa-sort-up', 'Web Application Icons'),
(205, 'fa-spinner', 'Web Application Icons'),
(206, 'fa-square', 'Web Application Icons'),
(207, 'fa-square-o', 'Web Application Icons'),
(208, 'fa-star', 'Web Application Icons'),
(209, 'fa-star-half', 'Web Application Icons'),
(210, 'fa-star-half-empty', 'Web Application Icons'),
(211, 'fa-star-half-full', 'Web Application Icons'),
(212, 'fa-star-half-o', 'Web Application Icons'),
(213, 'fa-star-o', 'Web Application Icons'),
(214, 'fa-subscript', 'Web Application Icons'),
(215, 'fa-suitcase', 'Web Application Icons'),
(216, 'fa-sun-o', 'Web Application Icons'),
(217, 'fa-superscript', 'Web Application Icons'),
(218, 'fa-tablet', 'Web Application Icons'),
(219, 'fa-tachometer', 'Web Application Icons'),
(220, 'fa-tag', 'Web Application Icons'),
(221, 'fa-tags', 'Web Application Icons'),
(222, 'fa-tasks', 'Web Application Icons'),
(223, 'fa-terminal', 'Web Application Icons'),
(224, 'fa-thumb-tack', 'Web Application Icons'),
(225, 'fa-thumbs-down', 'Web Application Icons'),
(226, 'fa-thumbs-o-down', 'Web Application Icons'),
(227, 'fa-thumbs-o-up', 'Web Application Icons'),
(228, 'fa-thumbs-up', 'Web Application Icons'),
(229, 'fa-ticket', 'Web Application Icons'),
(230, 'fa-times', 'Web Application Icons'),
(231, 'fa-times-circle', 'Web Application Icons'),
(232, 'fa-times-circle-o', 'Web Application Icons'),
(233, 'fa-tint', 'Web Application Icons'),
(234, 'fa-toggle-down', 'Web Application Icons'),
(235, 'fa-toggle-left', 'Web Application Icons'),
(236, 'fa-toggle-right', 'Web Application Icons'),
(237, 'fa-toggle-up', 'Web Application Icons'),
(238, 'fa-trash-o', 'Web Application Icons'),
(239, 'fa-trophy', 'Web Application Icons'),
(240, 'fa-truck', 'Web Application Icons'),
(241, 'fa-umbrella', 'Web Application Icons'),
(242, 'fa-unlock', 'Web Application Icons'),
(243, 'fa-unlock-alt', 'Web Application Icons'),
(244, 'fa-unsorted', 'Web Application Icons'),
(245, 'fa-upload', 'Web Application Icons'),
(246, 'fa-user', 'Web Application Icons'),
(247, 'fa-users', 'Web Application Icons'),
(248, 'fa-video-camera', 'Web Application Icons'),
(249, 'fa-volume-down', 'Web Application Icons'),
(250, 'fa-volume-off', 'Web Application Icons'),
(251, 'fa-volume-up', 'Web Application Icons'),
(252, 'fa-warning', 'Web Application Icons'),
(253, 'fa-wheelchair', 'Web Application Icons'),
(254, 'fa-wrench', 'Web Application Icons'),
(255, 'fa-check-square', 'Form Control Icons'),
(256, 'fa-check-square-o', 'Form Control Icons'),
(257, 'fa-circle', 'Form Control Icons'),
(258, 'fa-circle-o', 'Form Control Icons'),
(259, 'fa-dot-circle-o', 'Form Control Icons'),
(260, 'fa-minus-square', 'Form Control Icons'),
(261, 'fa-minus-square-o', 'Form Control Icons'),
(262, 'fa-plus-square', 'Form Control Icons'),
(263, 'fa-plus-square-o', 'Form Control Icons'),
(264, 'fa-square', 'Form Control Icons'),
(265, 'fa-square-o', 'Form Control Icons'),
(266, 'fa-bitcoin', 'Form Control Icons'),
(267, 'fa-btc', 'Form Control Icons'),
(268, 'fa-cny', 'Form Control Icons'),
(269, 'fa-dollar', 'Form Control Icons'),
(270, 'fa-eur', 'Form Control Icons'),
(271, 'fa-euro', 'Form Control Icons'),
(272, 'fa-gbp', 'Form Control Icons'),
(273, 'fa-inr', 'Form Control Icons'),
(274, 'fa-jpy', 'Form Control Icons'),
(275, 'fa-krw', 'Form Control Icons'),
(276, 'fa-money', 'Form Control Icons'),
(277, 'fa-rmb', 'Form Control Icons'),
(278, 'fa-rouble', 'Form Control Icons'),
(279, 'fa-rub', 'Form Control Icons'),
(280, 'fa-ruble', 'Form Control Icons'),
(281, 'fa-rupee', 'Form Control Icons'),
(282, 'fa-try', 'Form Control Icons'),
(283, 'fa-turkish-lira', 'Form Control Icons'),
(284, 'fa-usd', 'Form Control Icons'),
(285, 'fa-won', 'Form Control Icons'),
(286, 'fa-yen', 'Form Control Icons'),
(287, 'Text Editor Icons', 'Form Control Icons'),
(288, 'fa-align-center', 'Form Control Icons'),
(289, 'fa-align-justify', 'Form Control Icons'),
(290, 'fa-align-left', 'Form Control Icons'),
(291, 'fa-align-right', 'Form Control Icons'),
(292, 'fa-bold', 'Form Control Icons'),
(293, 'fa-chain', 'Form Control Icons'),
(294, 'fa-chain-broken', 'Form Control Icons'),
(295, 'fa-clipboard', 'Form Control Icons'),
(296, 'fa-columns', 'Form Control Icons'),
(297, 'fa-copy', 'Form Control Icons'),
(298, 'fa-cut', 'Form Control Icons'),
(299, 'fa-dedent', 'Form Control Icons'),
(300, 'fa-eraser', 'Form Control Icons'),
(301, 'fa-file', 'Form Control Icons'),
(302, 'fa-file-o', 'Form Control Icons'),
(303, 'fa-file-text', 'Form Control Icons'),
(304, 'fa-file-text-o', 'Form Control Icons'),
(305, 'fa-files-o', 'Form Control Icons'),
(306, 'fa-floppy-o', 'Form Control Icons'),
(307, 'fa-font', 'Form Control Icons'),
(308, 'fa-indent', 'Form Control Icons'),
(309, 'fa-italic', 'Form Control Icons'),
(310, 'fa-link', 'Form Control Icons'),
(311, 'fa-list', 'Form Control Icons'),
(312, 'fa-list-alt', 'Form Control Icons'),
(313, 'fa-list-ol', 'Form Control Icons'),
(314, 'fa-list-ul', 'Form Control Icons'),
(315, 'fa-outdent', 'Form Control Icons'),
(316, 'fa-paperclip', 'Form Control Icons'),
(317, 'fa-paste', 'Form Control Icons'),
(318, 'fa-repeat', 'Form Control Icons'),
(319, 'fa-rotate-left', 'Form Control Icons'),
(320, 'fa-rotate-right', 'Form Control Icons'),
(321, 'fa-save', 'Form Control Icons'),
(322, 'fa-scissors', 'Form Control Icons'),
(323, 'fa-strikethrough', 'Form Control Icons'),
(324, 'fa-table', 'Form Control Icons'),
(325, 'fa-text-height', 'Form Control Icons'),
(326, 'fa-text-width', 'Form Control Icons'),
(327, 'fa-th', 'Form Control Icons'),
(328, 'fa-th-large', 'Form Control Icons'),
(329, 'fa-th-list', 'Form Control Icons'),
(330, 'fa-underline', 'Form Control Icons'),
(331, 'fa-undo', 'Form Control Icons'),
(332, 'fa-unlink', 'Form Control Icons'),
(333, 'Directional Icons', 'Directional Icons'),
(334, 'fa-angle-double-down', 'Directional Icons'),
(335, 'fa-angle-double-left', 'Directional Icons'),
(336, 'fa-angle-double-right', 'Directional Icons'),
(337, 'fa-angle-double-up', 'Directional Icons'),
(338, 'fa-angle-down', 'Directional Icons'),
(339, 'fa-angle-left', 'Directional Icons'),
(340, 'fa-angle-right', 'Directional Icons'),
(341, 'fa-angle-up', 'Directional Icons'),
(342, 'fa-arrow-circle-down', 'Directional Icons'),
(343, 'fa-arrow-circle-left', 'Directional Icons'),
(344, 'fa-arrow-circle-o-down', 'Directional Icons'),
(345, 'fa-arrow-circle-o-left', 'Directional Icons'),
(346, 'fa-arrow-circle-o-right', 'Directional Icons'),
(347, 'fa-arrow-circle-o-up', 'Directional Icons'),
(348, 'fa-arrow-circle-right', 'Directional Icons'),
(349, 'fa-arrow-circle-up', 'Directional Icons'),
(350, 'fa-arrow-down', 'Directional Icons'),
(351, 'fa-arrow-left', 'Directional Icons'),
(352, 'fa-arrow-right', 'Directional Icons'),
(353, 'fa-arrow-up', 'Directional Icons'),
(354, 'fa-arrows', 'Directional Icons'),
(355, 'fa-arrows-alt', 'Directional Icons'),
(356, 'fa-arrows-h', 'Directional Icons'),
(357, 'fa-arrows-v', 'Directional Icons'),
(358, 'fa-caret-down', 'Directional Icons'),
(359, 'fa-caret-left', 'Directional Icons'),
(360, 'fa-caret-right', 'Directional Icons'),
(361, 'fa-caret-square-o-down', 'Directional Icons'),
(362, 'fa-caret-square-o-left', 'Directional Icons'),
(363, 'fa-caret-square-o-right', 'Directional Icons'),
(364, 'fa-caret-square-o-up', 'Directional Icons'),
(365, 'fa-caret-up', 'Directional Icons'),
(366, 'fa-chevron-circle-down', 'Directional Icons'),
(367, 'fa-chevron-circle-left', 'Directional Icons'),
(368, 'fa-chevron-circle-right', 'Directional Icons'),
(369, 'fa-chevron-circle-up', 'Directional Icons'),
(370, 'fa-chevron-down', 'Directional Icons'),
(371, 'fa-chevron-left', 'Directional Icons'),
(372, 'fa-chevron-right', 'Directional Icons'),
(373, 'fa-chevron-up', 'Directional Icons'),
(374, 'fa-hand-o-down', 'Directional Icons'),
(375, 'fa-hand-o-left', 'Directional Icons'),
(376, 'fa-hand-o-right', 'Directional Icons'),
(377, 'fa-hand-o-up', 'Directional Icons'),
(378, 'fa-long-arrow-down', 'Directional Icons'),
(379, 'fa-long-arrow-left', 'Directional Icons'),
(380, 'fa-long-arrow-right', 'Directional Icons'),
(381, 'fa-long-arrow-up', 'Directional Icons'),
(382, 'fa-toggle-down', 'Directional Icons'),
(383, 'fa-toggle-left', 'Directional Icons'),
(384, 'fa-toggle-right', 'Directional Icons'),
(385, 'fa-toggle-up', 'Directional Icons'),
(386, 'Video Player Icons', 'Video Player Icons'),
(387, 'fa-arrows-alt', 'Video Player Icons'),
(388, 'fa-backward', 'Video Player Icons'),
(389, 'fa-compress', 'Video Player Icons'),
(390, 'fa-eject', 'Video Player Icons'),
(391, 'fa-expand', 'Video Player Icons'),
(392, 'fa-fast-backward', 'Video Player Icons'),
(393, 'fa-fast-forward', 'Video Player Icons'),
(394, 'fa-forward', 'Video Player Icons'),
(395, 'fa-pause', 'Video Player Icons'),
(396, 'fa-play', 'Video Player Icons'),
(397, 'fa-play-circle', 'Video Player Icons'),
(398, 'fa-play-circle-o', 'Video Player Icons'),
(399, 'fa-step-backward', 'Video Player Icons'),
(400, 'fa-step-forward', 'Video Player Icons'),
(401, 'fa-stop', 'Video Player Icons'),
(402, 'fa-youtube-play', 'Video Player Icons'),
(403, 'fa-adn', 'Brand Icons'),
(404, 'fa-android', 'Brand Icons'),
(405, 'fa-apple', 'Brand Icons'),
(406, 'fa-bitbucket', 'Brand Icons'),
(407, 'fa-bitbucket-square', 'Brand Icons'),
(408, 'fa-bitcoin', 'Brand Icons'),
(409, 'fa-btc', 'Brand Icons'),
(410, 'fa-css3', 'Brand Icons'),
(411, 'fa-dribbble', 'Brand Icons'),
(412, 'fa-dropbox', 'Brand Icons'),
(413, 'fa-facebook', 'Brand Icons'),
(414, 'fa-facebook-square', 'Brand Icons'),
(415, 'fa-flickr', 'Brand Icons'),
(416, 'fa-foursquare', 'Brand Icons'),
(417, 'fa-github', 'Brand Icons'),
(418, 'fa-github-alt', 'Brand Icons'),
(419, 'fa-github-square', 'Brand Icons'),
(420, 'fa-gittip', 'Brand Icons'),
(421, 'fa-google-plus', 'Brand Icons'),
(422, 'fa-google-plus-square', 'Brand Icons'),
(423, 'fa-html5', 'Brand Icons'),
(424, 'fa-instagram', 'Brand Icons'),
(425, 'fa-linkedin', 'Brand Icons'),
(426, 'fa-linkedin-square', 'Brand Icons'),
(427, 'fa-linux', 'Brand Icons'),
(428, 'fa-maxcdn', 'Brand Icons'),
(429, 'fa-pagelines', 'Brand Icons'),
(430, 'fa-pinterest', 'Brand Icons'),
(431, 'fa-pinterest-square', 'Brand Icons'),
(432, 'fa-renren', 'Brand Icons'),
(433, 'fa-skype', 'Brand Icons'),
(434, 'fa-stack-exchange', 'Brand Icons'),
(435, 'fa-stack-overflow', 'Brand Icons'),
(436, 'fa-trello', 'Brand Icons'),
(437, 'fa-tumblr', 'Brand Icons'),
(438, 'fa-tumblr-square', 'Brand Icons'),
(439, 'fa-twitter', 'Brand Icons'),
(440, 'fa-twitter-square', 'Brand Icons'),
(441, 'fa-vimeo-square', 'Brand Icons'),
(442, 'fa-vk', 'Brand Icons'),
(443, 'fa-weibo', 'Brand Icons'),
(444, 'fa-windows', 'Brand Icons'),
(445, 'fa-xing', 'Brand Icons'),
(446, 'fa-xing-square', 'Brand Icons'),
(447, 'fa-youtube', 'Brand Icons'),
(448, 'fa-youtube-play', 'Brand Icons'),
(449, 'fa-youtube-square', 'Brand Icons'),
(450, 'Medical Icons', 'Medical Icons'),
(451, 'fa-ambulance', 'Medical Icons'),
(452, 'fa-h-square', 'Medical Icons'),
(453, 'fa-hospital-o', 'Medical Icons'),
(454, 'fa-medkit', 'Medical Icons'),
(455, 'fa-plus-square', 'Medical Icons'),
(456, 'fa-stethoscope', 'Medical Icons'),
(457, 'fa-user-md', 'Medical Icons'),
(458, 'fa-wheelchair', 'Medical Icons');

-- --------------------------------------------------------

--
-- Table structure for table `itemcart`
--

CREATE TABLE IF NOT EXISTS `itemcart` (
  `cartid` int(10) NOT NULL AUTO_INCREMENT,
  `itemname` varchar(255) NOT NULL,
  `itemid` int(10) NOT NULL,
  `qty` int(10) NOT NULL,
  `restid` int(10) NOT NULL,
  `user_id` int(11) NOT NULL,
  PRIMARY KEY (`cartid`)
) ENGINE=InnoDB  DEFAULT CHARSET=latin1 AUTO_INCREMENT=17 ;

--
-- Dumping data for table `itemcart`
--

INSERT INTO `itemcart` (`cartid`, `itemname`, `itemid`, `qty`, `restid`, `user_id`) VALUES
(11, 'Hot and Sour Soup', 10, 3, 5, 0),
(13, 'Hot and Sour Soup', 9, 3, 5, 0),
(14, 'Hot and Sour Soup', 10, 3, 5, 0),
(15, 'Chicken Vegitable Soup', 13, 3, 5, 0),
(16, 'Chicken Vegitable Soup', 14, 3, 5, 0);

-- --------------------------------------------------------

--
-- Table structure for table `mob_food_order`
--

CREATE TABLE IF NOT EXISTS `mob_food_order` (
  `mo_id` int(11) NOT NULL AUTO_INCREMENT,
  `mo_time` datetime NOT NULL,
  `mo_name` varchar(50) NOT NULL,
  `mo_cellno` varchar(20) NOT NULL,
  `mo_address` varchar(100) NOT NULL,
  PRIMARY KEY (`mo_id`)
) ENGINE=MyISAM  DEFAULT CHARSET=latin1 AUTO_INCREMENT=64 ;

--
-- Dumping data for table `mob_food_order`
--

INSERT INTO `mob_food_order` (`mo_id`, `mo_time`, `mo_name`, `mo_cellno`, `mo_address`) VALUES
(49, '2017-10-11 23:38:30', 'jdjeueu', '3005703846', 'ueijsjsjsjejei'),
(44, '2017-10-11 12:57:08', 'djeue', '3005703846', 'jjjjjjjjjshsuwhwhwu'),
(47, '2017-10-11 20:40:43', 'shahid Niazi', '7760645555', 'charsadda road'),
(48, '2017-10-11 21:26:19', 'shahid', '3139692429', 'phase 1. d1. strt 4. house 567'),
(50, '2017-10-11 23:40:46', 'lalal', '3005703846', 'marhaba'),
(51, '2017-10-12 13:10:20', 'Tahir', '3339988978', 'phase 4'),
(52, '2017-10-12 17:38:22', 'fa had ahmad', '3139692429', 'house 121. strt 6. d1. ph1'),
(53, '2017-10-13 14:29:09', 'tahir', '3339988978', 'phase 4 '),
(54, '2017-10-13 14:30:02', 'tahir', '3339988978', 'realtime'),
(55, '2017-10-13 14:53:21', 'Jaffar', '3331234567', 'Stepnex'),
(56, '2017-10-13 15:02:22', 'test', '123456', 'test'),
(57, '2017-10-13 15:06:34', 'test', '123456', 'testt'),
(58, '2017-10-13 15:07:11', 'testt', '123456', 'testt'),
(59, '2017-10-13 15:59:14', 'testty', '3211234567', 'tsdf'),
(60, '2017-10-13 17:13:48', 'testtttt', '33344444777', 'gsghshs'),
(61, '2017-10-13 17:19:06', 'gxgxhxh', '9568686', 'bxhxh'),
(62, '2017-10-14 00:17:31', 'test', '3332121245', 'test'),
(63, '2017-10-16 10:16:24', 'test', '123456', 'testtt');

-- --------------------------------------------------------

--
-- Table structure for table `mob_fr_items`
--

CREATE TABLE IF NOT EXISTS `mob_fr_items` (
  `f_id` int(11) NOT NULL AUTO_INCREMENT,
  `mo_id` int(11) NOT NULL,
  `fm_id` int(11) NOT NULL,
  `f_quantity` int(11) NOT NULL,
  PRIMARY KEY (`f_id`)
) ENGINE=MyISAM  DEFAULT CHARSET=latin1 AUTO_INCREMENT=33 ;

--
-- Dumping data for table `mob_fr_items`
--

INSERT INTO `mob_fr_items` (`f_id`, `mo_id`, `fm_id`, `f_quantity`) VALUES
(24, 57, 1406, 1),
(23, 57, 1405, 2),
(25, 58, 1405, 1),
(26, 59, 145, 1),
(27, 59, 146, 2),
(28, 60, 1405, 1),
(29, 61, 860, 1),
(30, 61, 1, 1),
(31, 62, 1029, 1),
(32, 63, 860, 1);

-- --------------------------------------------------------

--
-- Table structure for table `mob_general_order`
--

CREATE TABLE IF NOT EXISTS `mob_general_order` (
  `mo_id` int(10) NOT NULL AUTO_INCREMENT,
  `mo_details` text NOT NULL,
  `mo_time` datetime NOT NULL,
  `mo_pick_name` varchar(50) NOT NULL,
  `mo_pick_cellno` varchar(20) NOT NULL,
  `mo_pick_address` varchar(100) NOT NULL,
  `mo_drop_name` varchar(50) NOT NULL,
  `mo_drop_cellno` varchar(20) NOT NULL,
  `mo_drop_address` varchar(100) NOT NULL,
  `bringme_or_dropit` tinyint(1) NOT NULL,
  PRIMARY KEY (`mo_id`)
) ENGINE=MyISAM  DEFAULT CHARSET=latin1 AUTO_INCREMENT=33 ;

--
-- Dumping data for table `mob_general_order`
--

INSERT INTO `mob_general_order` (`mo_id`, `mo_details`, `mo_time`, `mo_pick_name`, `mo_pick_cellno`, `mo_pick_address`, `mo_drop_name`, `mo_drop_cellno`, `mo_drop_address`, `bringme_or_dropit`) VALUES
(28, 'yrgrg', '2017-09-12 18:29:29', 'hehrh', '545', 'ngf', 'hrrhtt', '6125845', 'hthfhh', 0),
(27, 'yehe', '2017-09-12 18:28:29', 'ddr', '515', 'nf', 'gdg', '51515', 'n', 0),
(26, 'software', '2017-09-06 18:24:39', 'stepnext', '3339271170', '6b defence', 'tahir', '03339988978', 'office 2/4 mohalla jhandgai uni road', 0);

-- --------------------------------------------------------

--
-- Table structure for table `modules`
--

CREATE TABLE IF NOT EXISTS `modules` (
  `module_id` int(11) NOT NULL AUTO_INCREMENT,
  `parent_id` int(11) NOT NULL DEFAULT '0',
  `module_type` varchar(50) DEFAULT 'controller',
  `module_title` varchar(200) DEFAULT NULL,
  `module_desc` varchar(255) NOT NULL,
  `module_uri` varchar(255) DEFAULT NULL,
  `module_menu_status` tinyint(4) NOT NULL DEFAULT '0',
  `module_icon` varchar(50) DEFAULT NULL,
  `module_status` tinyint(4) DEFAULT '1',
  `created_by` int(11) DEFAULT NULL,
  `created_date` timestamp NOT NULL DEFAULT CURRENT_TIMESTAMP,
  `last_updated` datetime DEFAULT NULL,
  `last_updated_by` int(11) DEFAULT NULL,
  PRIMARY KEY (`module_id`)
) ENGINE=InnoDB  DEFAULT CHARSET=utf8 AUTO_INCREMENT=175 ;

--
-- Dumping data for table `modules`
--

INSERT INTO `modules` (`module_id`, `parent_id`, `module_type`, `module_title`, `module_desc`, `module_uri`, `module_menu_status`, `module_icon`, `module_status`, `created_by`, `created_date`, `last_updated`, `last_updated_by`) VALUES
(2, 0, 'controller', 'Modules', 'Manage Module', 'modules', 1, 'fa-sitemap', 1, 1, '2017-05-04 13:39:59', '2017-03-06 23:01:35', NULL),
(16, 2, 'action', 'Index', 'Index action of modules controller', 'index', 0, 'fa-rub', 1, NULL, '2014-12-15 12:20:33', NULL, NULL),
(17, 2, 'action', 'Controllers', 'List of controllers', 'controllers', 1, 'fa-rub', 1, NULL, '2014-12-15 12:21:40', NULL, NULL),
(18, 2, 'action', 'Add Controller', 'Add new controller', 'add_controller', 1, 'fa-rub', 1, NULL, '2014-12-15 12:22:15', '2015-01-01 11:26:43', NULL),
(19, 2, 'action', 'Edit Controller', 'Edit a controller', 'edit_controller', 0, 'fa-rub', 1, NULL, '2014-12-15 12:23:17', NULL, NULL),
(20, 2, 'action', 'Trashed Controllers', 'List of trashed controllers', 'trashed_controllers', 1, 'fa-rub', 1, NULL, '2014-12-15 12:23:50', '2015-01-01 11:26:54', NULL),
(21, 2, 'action', 'Trash controller', 'Send a controller to trash', 'trash_controller', 0, 'fa-gbp', 1, NULL, '2014-12-15 12:24:41', '2015-01-01 09:59:26', NULL),
(22, 2, 'action', 'Restore controller', 'Restore a trashed controller', 'restore_controller', 0, 'fa-rub', 1, NULL, '2014-12-15 12:25:24', NULL, NULL),
(23, 2, 'action', 'Delete controller', 'Delete a controller', 'delete_controller', 0, 'fa-rub', 1, NULL, '2014-12-15 12:28:29', NULL, NULL),
(24, 2, 'action', 'Actions', 'List of actions', 'actions', 0, 'fa-rub', 1, NULL, '2014-12-15 12:29:09', '2015-01-01 12:04:40', NULL),
(25, 2, 'action', 'Trashed actions', 'List of trashed actions', 'trashed_action', 0, 'fa-rub', 1, NULL, '2014-12-15 12:29:40', '2015-01-01 12:04:43', NULL),
(26, 2, 'action', 'Trash action', 'Send an action to trash', 'trash_action', 0, 'fa-rub', 1, NULL, '2014-12-15 12:31:41', NULL, NULL),
(27, 2, 'action', 'Restore action', 'Restore a trashed action', 'restore_action', 0, 'fa-rub', 1, NULL, '2014-12-15 12:34:17', NULL, NULL),
(28, 2, 'action', 'Delete action', 'Permanently delete an action', 'delete_action', 0, 'fa-rub', 1, NULL, '2014-12-15 12:37:34', NULL, NULL),
(29, 2, 'action', 'Add action', 'Add a new action', 'add_action', 0, 'fa-rub', 1, NULL, '2014-12-15 12:37:57', '2015-01-01 12:04:46', NULL),
(30, 2, 'action', 'Edit action', 'Edit an action', 'edit_action', 0, 'fa-rub', 1, NULL, '2014-12-15 12:38:40', NULL, NULL),
(31, 0, 'controller', 'Users', '', 'users', 1, 'fa-user-md', 1, NULL, '2014-12-17 10:54:23', '2015-01-01 12:53:33', NULL),
(32, 31, 'action', 'Index', '', 'index', 0, 'fa-stack-exchange', 1, NULL, '2014-12-17 10:54:48', '2014-12-28 23:09:38', NULL),
(33, 31, 'action', 'All Users', '', 'view', 1, 'fa-rub', 1, NULL, '2014-12-17 10:55:04', '2015-01-01 12:48:29', NULL),
(34, 0, 'controller', 'Departments', 'Department management', 'departments', 1, 'fa-shield', 3, NULL, '2014-12-28 17:59:41', '2017-02-07 02:20:39', NULL),
(35, 0, 'controller', 'Roles', 'Roles Management', 'roles', 1, 'fa-vimeo-square', 1, NULL, '2014-12-28 18:00:12', NULL, NULL),
(36, 35, 'action', 'Index', '', 'index', 0, 'fa-rub', 1, NULL, '2014-12-28 18:01:42', NULL, NULL),
(37, 35, 'action', 'All Roles', '', 'view', 1, 'fa-rub', 1, NULL, '2014-12-28 18:02:00', '2015-01-01 12:49:53', NULL),
(38, 35, 'action', 'New Role', 'Add new role', 'add_role', 1, 'fa-rub', 1, NULL, '2014-12-28 18:02:50', '2015-01-01 12:50:06', NULL),
(39, 35, 'action', 'Edit Role', 'Edit a role', 'edit_role', 0, 'fa-rub', 1, NULL, '2014-12-28 18:03:16', '2014-12-28 23:03:53', NULL),
(40, 35, 'action', 'Trash Role', 'Send a role to trash', 'trash_role', 0, 'fa-rub', 1, NULL, '2014-12-28 18:04:41', NULL, NULL),
(41, 35, 'action', 'Trashed Roles', 'List of trashed roles', 'trashed_roles', 1, 'fa-rub', 1, NULL, '2014-12-28 18:05:19', '2015-01-01 12:50:10', NULL),
(42, 35, 'action', 'Restore Role', 'Restore a role from trash', 'restore_role', 0, 'fa-rub', 1, NULL, '2014-12-28 18:06:11', NULL, NULL),
(43, 35, 'action', 'Delete Role', 'Permanently delete a role', 'delete_role', 0, 'fa-rub', 1, NULL, '2014-12-28 18:06:41', NULL, NULL),
(44, 31, 'action', 'New User', 'Add a new user', 'add_user', 1, 'fa-rub', 1, NULL, '2014-12-28 18:10:25', '2015-01-01 12:48:55', NULL),
(45, 31, 'action', 'Edit user', 'Edit a user', 'edit_user', 0, 'fa-rub', 1, NULL, '2014-12-28 18:10:44', NULL, NULL),
(46, 31, 'action', 'Trash user', 'Send a user to trash', 'trash_user', 0, 'fa-rub', 1, NULL, '2014-12-28 18:11:04', NULL, NULL),
(47, 31, 'action', 'Trashed Users', 'List of trashed users', 'trashed_users', 1, 'fa-rub', 1, NULL, '2014-12-28 18:11:30', '2015-01-01 12:49:02', NULL),
(48, 31, 'action', 'Delete User', 'Permanently delete a user', 'delete_user', 0, 'fa-rub', 1, NULL, '2014-12-28 18:11:55', NULL, NULL),
(49, 31, 'action', 'Restore User', 'Restore a user from trash', 'restore_user', 0, 'fa-rub', 1, NULL, '2014-12-28 18:12:24', NULL, NULL),
(50, 0, 'controller', 'aksjdhflkjashdf', 'azsdf', 'fasdfasdf', 0, 'fa-pagelines', 4, NULL, '2015-01-01 05:04:30', '2015-01-01 10:05:30', NULL),
(55, 0, 'controller', 'New Order', '', 'order', 1, 'fa-rub', 1, NULL, '2017-03-05 17:57:37', NULL, NULL),
(57, 55, 'action', 'index', '', 'index', 0, 'fa-rub', 1, NULL, '2017-03-05 18:05:02', NULL, NULL),
(58, 55, 'action', 'All order', 'All order list', 'view', 1, 'fa-rub', 1, NULL, '2017-03-05 18:05:18', '2017-03-05 23:10:59', NULL),
(59, 55, 'action', 'Food Order', '', 'add_order', 1, 'fa-rub', 1, NULL, '2017-03-05 20:31:49', NULL, NULL),
(60, 0, 'controller', 'Addresses', 'Peshawar address', 'addresses', 1, 'fa-rub', 1, NULL, '2017-03-06 17:53:19', '2017-03-20 03:11:27', NULL),
(61, 55, 'action', 'Delete', '', 'delete_order', 0, 'fa-rub', 1, NULL, '2017-03-06 18:06:06', '2017-04-29 02:58:12', NULL),
(62, 55, 'action', 'Update Order', '', 'order_update', 0, 'fa-rub', 1, NULL, '2017-03-06 18:09:37', '2017-04-29 02:58:23', NULL),
(63, 60, 'action', 'index', '', 'index', 1, 'fa-rub', 1, NULL, '2017-03-06 18:11:52', '2017-03-06 23:12:17', NULL),
(64, 60, 'action', 'All Address', '', 'view', 1, 'fa-rub', 1, NULL, '2017-03-06 18:13:09', '2017-03-06 23:15:15', NULL),
(65, 60, 'action', 'Add Address', '', 'add_address', 1, 'fa-rub', 1, NULL, '2017-03-06 18:14:08', '2017-03-06 23:16:08', NULL),
(66, 60, 'action', 'Delete Address', '', 'delete_address', 0, 'fa-rub', 1, NULL, '2017-03-06 18:17:16', '2017-03-20 03:13:04', NULL),
(67, 60, 'action', 'Update Address', '', 'update_address', 0, 'fa-rub', 1, NULL, '2017-03-06 18:17:43', '2017-03-20 03:12:48', NULL),
(68, 0, 'controller', 'Restaurant', 'Peshawar Rerantstau', 'restaurant', 1, 'fa-rub', 1, NULL, '2017-03-06 18:20:58', NULL, NULL),
(69, 68, 'action', 'index', '', 'index', 0, 'fa-rub', 1, NULL, '2017-03-06 18:21:24', NULL, NULL),
(70, 68, 'action', 'All Restaurant', '', 'view', 1, 'fa-rub', 1, NULL, '2017-03-06 18:22:46', NULL, NULL),
(71, 68, 'action', 'Add Restaurant', '', 'add_restaurant', 0, 'fa-rub', 1, NULL, '2017-03-06 18:23:17', NULL, NULL),
(72, 68, 'action', 'Delete Restaurant', '', 'delete_restaurant', 0, 'fa-rub', 1, NULL, '2017-03-06 18:24:11', NULL, NULL),
(73, 68, 'action', 'Update Restaturant', '', 'edit_restaurant', 0, 'fa-rub', 1, NULL, '2017-03-06 18:24:39', '2017-03-07 23:05:03', NULL),
(74, 0, 'controller', 'Riders', '', 'riders', 1, 'fa-rub', 1, NULL, '2017-03-06 18:26:05', NULL, NULL),
(75, 74, 'action', 'index', '', 'index', 1, 'fa-rub', 1, NULL, '2017-03-06 18:26:24', NULL, NULL),
(76, 74, 'action', 'All Riders', '', 'view', 1, 'fa-rub', 1, NULL, '2017-03-06 18:26:43', NULL, NULL),
(77, 74, 'action', 'Add Riders', '', 'add_riders', 1, 'fa-rub', 1, NULL, '2017-03-06 18:27:14', NULL, NULL),
(78, 74, 'action', 'Delete Riders', '', 'delete_riders', 0, 'fa-rub', 1, NULL, '2017-03-06 18:27:41', NULL, NULL),
(79, 74, 'action', 'Update Riders', '', 'update_riders', 0, 'fa-rub', 1, NULL, '2017-03-06 18:28:30', NULL, NULL),
(80, 0, 'controller', 'Food Items', '', 'foodmenu', 0, 'fa-rub', 1, NULL, '2017-03-06 18:30:05', '2017-03-14 05:46:24', NULL),
(81, 80, 'action', 'index', '', 'index', 1, 'fa-rub', 1, NULL, '2017-03-06 18:30:40', NULL, NULL),
(82, 80, 'action', 'All Food Items', '', 'view', 1, 'fa-rub', 1, NULL, '2017-03-06 18:31:00', NULL, NULL),
(83, 80, 'action', 'Add Food Items', '', 'add_food_items', 1, 'fa-rub', 1, NULL, '2017-03-06 18:32:09', '2017-03-06 23:33:12', NULL),
(84, 80, 'action', 'Delete Food Items', '', 'delete_food_items', 0, 'fa-rub', 1, NULL, '2017-03-06 18:32:59', NULL, NULL),
(85, 80, 'action', 'Update Food Items', '', 'update_food_items', 0, 'fa-rub', 1, NULL, '2017-03-06 18:34:03', NULL, NULL),
(86, 55, 'action', 'List Address', '', 'list_addresses', 0, 'fa-rub', 1, NULL, '2017-03-12 19:22:24', NULL, NULL),
(87, 60, 'action', 'View All sub Address', '', 'view_all', 0, 'fa-rub', 1, NULL, '2017-03-19 22:04:29', NULL, NULL),
(88, 60, 'action', 'sub_address', '', 'add_sub_address', 0, 'fa-rub', 1, NULL, '2017-03-21 18:54:29', NULL, NULL),
(89, 55, 'action', 'getmenu', '', 'getmenu', 0, 'fa-rub', 1, NULL, '2017-03-26 16:59:38', '2017-03-26 22:14:31', NULL),
(90, 55, 'action', 'pending order', 'All pending order', 'pending_order', 0, 'fa-rub', 1, NULL, '2017-03-29 00:52:21', '2017-04-21 03:31:34', NULL),
(91, 55, 'action', 'Pending Order Details', '', 'pending_order_details', 0, 'fa-rub', 1, NULL, '2017-03-29 02:20:32', NULL, NULL),
(92, 55, 'action', 'order_process', 'process the orders', 'order_process', 0, 'fa-rub', 1, NULL, '2017-03-29 23:17:37', NULL, NULL),
(93, 55, 'action', 'process_order', 'All process order', 'process_order', 1, 'fa-rub', 1, NULL, '2017-03-30 00:22:53', '2017-04-25 00:37:37', NULL),
(94, 55, 'action', 'process order', 'All process order', 'process_order_details', 0, 'fa-rub', 1, NULL, '2017-03-30 00:43:20', NULL, NULL),
(95, 55, 'action', 'getcustomer record', 'get customer records ', 'getcustomerrecord', 0, 'fa-rub', 1, NULL, '2017-03-30 00:54:42', NULL, NULL),
(96, 55, 'action', 'save items', '', 'saveitems', 0, 'fa-rub', 1, NULL, '2017-04-02 18:45:29', NULL, NULL),
(97, 55, 'action', 'save food items', '', 'save_food_items', 0, 'fa-rub', 1, NULL, '2017-04-02 23:43:57', NULL, NULL),
(98, 55, 'action', 'Get Item price', '', 'getitemprice', 0, 'fa-rub', 3, NULL, '2017-04-04 22:41:52', '2017-04-05 22:07:33', NULL),
(99, 55, 'action', 'itemprice', '', 'getprice', 0, 'fa-rub', 1, NULL, '2017-04-05 17:09:16', NULL, NULL),
(100, 55, 'action', 'Assign rider to order', '', 'assignrider', 0, 'fa-rub', 1, NULL, '2017-04-10 19:33:46', NULL, NULL),
(101, 55, 'action', 'cancel order', '', 'cancelorder', 0, 'fa-rub', 1, NULL, '2017-04-12 21:49:52', NULL, NULL),
(102, 55, 'action', 'Riderassignment', '', 'rider_assign', 0, 'fa-rub', 1, NULL, '2017-04-12 22:16:19', NULL, NULL),
(103, 55, 'action', 'deleteorder', '', 'deleteorder', 0, 'fa-rub', 1, NULL, '2017-04-17 21:38:48', NULL, NULL),
(104, 55, 'action', 'edit_order', '', 'edit_order', 0, 'fa-rub', 1, NULL, '2017-04-19 02:50:50', NULL, NULL),
(105, 55, 'action', 'Canceled Orders', '', 'all_cancel_order', 1, 'fa-rub', 1, NULL, '2017-04-23 18:26:40', NULL, NULL),
(106, 55, 'action', 'complete order', '', 'order_complete', 1, 'fa-rub', 1, NULL, '2017-04-23 19:16:30', NULL, NULL),
(107, 55, 'action', 'getcellno', '', 'getcellno', 0, 'fa-rub', 1, NULL, '2017-04-24 17:36:39', NULL, NULL),
(108, 55, 'action', 'get_session', '', 'get_session', 0, 'fa-rub', 1, NULL, '2017-04-24 23:47:49', NULL, NULL),
(109, 55, 'action', 'send_sms', '', 'send_sms', 0, 'fa-rub', 1, NULL, '2017-04-24 23:48:09', NULL, NULL),
(110, 55, 'action', 'receive_sms', '', 'receive_sms', 0, 'fa-rub', 1, NULL, '2017-04-24 23:48:29', NULL, NULL),
(111, 55, 'action', 'getQuota', '', 'getQuota', 0, 'fa-rub', 1, NULL, '2017-04-24 23:48:54', NULL, NULL),
(112, 55, 'action', 'sendsms', '', 'sendsms', 0, 'fa-rub', 1, NULL, '2017-04-24 23:49:15', NULL, NULL),
(113, 55, 'action', 'sms_recieve', '', 'sms_recieve', 0, 'fa-rub', 1, NULL, '2017-04-25 17:29:31', NULL, NULL),
(114, 80, 'action', 'view_all', '', 'view_all', 0, 'fa-rub', 1, NULL, '2017-05-01 22:47:59', NULL, NULL),
(115, 55, 'action', 'apicall', '', 'apicall', 0, 'fa-rub', 1, NULL, '2017-05-04 18:09:10', NULL, NULL),
(116, 0, 'controller', 'colddrinks', '', 'colddrink', 1, 'fa-rub', 1, NULL, '2017-05-04 21:58:51', NULL, NULL),
(117, 116, 'action', 'index', '', 'index', 0, 'fa-rub', 1, NULL, '2017-05-04 22:00:07', NULL, NULL),
(118, 116, 'action', 'All colddrink', '', 'view', 1, 'fa-rub', 1, NULL, '2017-05-04 22:00:41', NULL, NULL),
(119, 116, 'action', 'Add colddrinks', '', 'add_colddrink', 1, 'fa-rub', 1, NULL, '2017-05-04 22:06:15', NULL, NULL),
(120, 116, 'action', 'delete colddrink', '', 'delete_colddrink', 0, 'fa-rub', 1, NULL, '2017-05-04 22:07:35', NULL, NULL),
(121, 116, 'action', 'Edit colddrink', '', 'update_colddrink', 0, 'fa-rub', 1, NULL, '2017-05-04 22:08:24', NULL, NULL),
(122, 55, 'action', 'insertcallno', '', 'insertcallno', 0, 'fa-rub', 1, NULL, '2017-05-08 05:08:28', NULL, NULL),
(123, 0, 'controller', 'Time Price', '', 'pricetime', 1, 'fa-rub', 1, NULL, '2017-05-09 01:17:13', NULL, NULL),
(124, 123, 'action', 'index', '', 'index', 0, 'fa-rub', 1, NULL, '2017-05-09 01:17:40', NULL, NULL),
(125, 123, 'action', 'All timeprice', '', 'view', 1, 'fa-rub', 1, NULL, '2017-05-09 01:18:04', NULL, NULL),
(126, 123, 'action', 'Add Timeprice', '', 'add_pricetime', 1, 'fa-rub', 1, NULL, '2017-05-09 01:18:33', NULL, NULL),
(127, 123, 'action', 'Delete Timeprice', '', 'delete_pricetime', 0, 'fa-rub', 1, NULL, '2017-05-09 01:19:06', NULL, NULL),
(128, 123, 'action', 'Update Timeprice', '', 'update_pricetime', 0, 'fa-rub', 1, NULL, '2017-05-09 01:19:30', NULL, NULL),
(129, 55, 'action', 'General Order', '', 'add_genral_order', 1, 'fa-rub', 1, NULL, '2017-05-15 05:57:21', NULL, NULL),
(130, 55, 'action', 'generalcustomerrecord', '', 'generalcustomerrecord', 0, 'fa-rub', 1, NULL, '2017-05-15 07:00:11', NULL, NULL),
(131, 55, 'action', 'getridercontactno', '', 'getridercontactno', 0, 'fa-rub', 1, NULL, '2017-05-16 02:32:32', NULL, NULL),
(132, 55, 'action', 'deletecartitem', '', 'deletecartitem', 0, 'fa-rub', 1, NULL, '2017-05-17 10:11:38', NULL, NULL),
(133, 55, 'action', 'approvedbyadmin', '', 'approvedbyadmin', 0, 'fa-rub', 3, NULL, '2017-05-19 00:38:46', NULL, NULL),
(134, 74, 'action', 'approvedbyadmin', '', 'approvedbyadmin', 0, 'fa-rub', 1, NULL, '2017-05-19 00:39:21', NULL, NULL),
(135, 74, 'action', 'ridercomments', '', 'ridercomments', 0, 'fa-rub', 1, NULL, '2017-05-19 02:19:22', NULL, NULL),
(136, 74, 'action', 'activerider', '', 'activerider', 0, 'fa-rub', 1, NULL, '2017-05-19 04:41:33', NULL, NULL),
(137, 55, 'action', 'pending_generalorder_details', '', 'pending_generalorder_details', 0, 'fa-rub', 1, NULL, '2017-05-23 04:38:19', NULL, NULL),
(138, 55, 'action', 'generalorder_process', '', 'generalorder_process', 0, 'fa-rub', 1, NULL, '2017-05-23 07:18:39', NULL, NULL),
(139, 55, 'action', 'All Genral Order', '', 'all_genralorder', 1, 'fa-rub', 1, NULL, '2017-05-24 00:13:57', NULL, NULL),
(140, 55, 'action', 'searchitem', '', 'searchitem', 0, 'fa-rub', 3, NULL, '2017-05-24 05:46:01', NULL, NULL),
(141, 55, 'action', 'edit_generalorder', '', 'edit_generalorder', 0, 'fa-rub', 1, NULL, '2017-05-25 03:11:53', NULL, NULL),
(142, 55, 'action', 'itemdeletion', '', 'itemdeletion', 0, 'fa-rub', 1, NULL, '2017-05-25 14:13:32', NULL, NULL),
(143, 31, 'action', 'login', 'login', 'login', 0, 'fa-rub', 1, NULL, '2017-05-27 05:45:12', NULL, NULL),
(144, 55, 'action', 'getgcellno', '', 'getgcellno', 0, 'fa-rub', 1, NULL, '2017-05-29 05:09:44', NULL, NULL),
(145, 55, 'action', 'get_absolute_addr', '', 'get_absolute_addr', 0, 'fa-rub', 1, NULL, '2017-05-31 10:56:54', NULL, NULL),
(146, 55, 'action', 'generate_addresses', '', 'generate_addresses', 0, 'fa-rub', 1, NULL, '2017-05-31 15:11:47', NULL, NULL),
(147, 0, 'controller', 'All Orders', '', 'all_orders', 1, 'fa-rub', 1, NULL, '2017-05-31 16:07:17', NULL, NULL),
(148, 147, 'action', 'All orders', 'All order list', 'view', 1, 'fa-rub', 1, NULL, '2017-06-02 04:17:35', NULL, NULL),
(149, 147, 'action', 'process_order', 'All process order', 'process_order', 1, 'fa-rub', 1, NULL, '2017-06-02 04:18:47', NULL, NULL),
(150, 147, 'action', 'Canceled Orders', '', 'all_cancel_order', 1, 'fa-rub', 1, NULL, '2017-06-02 04:19:21', NULL, NULL),
(151, 147, 'action', 'Complete orders', '', 'order_complete', 1, 'fa-rub', 1, NULL, '2017-06-02 04:19:47', NULL, NULL),
(152, 0, 'controller', 'Customers', '', 'customers', 1, 'fa-rub', 1, NULL, '2017-06-02 08:10:35', NULL, NULL),
(153, 152, 'action', 'Add Customer', '', 'add_customer', 1, 'fa-rub', 1, NULL, '2017-06-02 08:11:10', NULL, NULL),
(154, 147, 'action', 'unassigned orders', '', 'ua_orders', 1, 'fa-rub', 1, NULL, '2017-06-04 06:21:38', NULL, NULL),
(155, 55, 'action', 'delete_address', 'delete_address', 'delete_address', 0, 'fa-rub', 1, NULL, '2017-06-16 12:23:04', NULL, NULL),
(156, 55, 'action', 'prepare_jstree_addresses', 'prepare_jstree_addresses', 'prepare_jstree_addresses', 0, 'fa-rub', 1, NULL, '2017-06-20 05:03:14', NULL, NULL),
(157, 68, 'action', 'explore', 'explore', 'explore', 0, 'fa-rub', 3, NULL, '2017-08-24 11:54:04', NULL, NULL),
(158, 55, 'action', 'insert_item_in_cart', '', 'insert_item_in_cart', 0, 'fa-rub', 3, NULL, '2017-08-30 20:27:03', NULL, NULL),
(159, 55, 'action', 'cart_update', '', 'cart_update', 0, 'fa-rub', 1, NULL, '2017-08-31 01:02:13', NULL, NULL),
(160, 55, 'action', 'changeStatus', 'this method will change the status of order', 'changeStatus', 0, 'fa-rub', 1, NULL, '2017-09-05 06:14:19', NULL, NULL),
(161, 55, 'action', 'search', 'search order according to creteria', 'search', 0, 'fa-rub', 1, NULL, '2017-09-05 20:15:37', NULL, NULL),
(162, 55, 'action', 'Food order process', 'food order process', 'food_order_process', 0, 'fa-rub', 1, NULL, '2017-09-14 23:12:56', NULL, NULL),
(163, 55, 'action', 'response', 'this method is only created for response to ajax call', 'response', 0, 'fa-rub', 1, NULL, '2017-09-15 22:31:33', NULL, NULL),
(164, 55, 'action', 'delete mobile order', 'this method will receive table name and id then make deletion i will use this in food and general order  ', 'delete_mob', 0, 'fa-rub', 1, NULL, '2017-09-19 21:07:46', NULL, NULL),
(165, 55, 'action', 'mobile food order', 'food order is method used for real time updation in food order', 'food_order', 0, 'fa-rub', 1, NULL, '2017-09-25 18:37:00', NULL, NULL),
(166, 55, 'action', 'mobile general order', 'this method is used for real time mobile general order', 'general_order', 0, 'fa-rub', 1, NULL, '2017-09-25 20:52:38', NULL, NULL),
(167, 80, 'action', 'Food Category', 'this method will display and add new categories', 'add_food_category', 1, 'fa-rub', 1, NULL, '2017-10-03 11:37:58', NULL, NULL),
(168, 80, 'action', 'Update Food Category', 'this method is created for updation of category', 'update_food_category', 0, 'fa-rub', 1, NULL, '2017-10-04 04:39:18', NULL, NULL),
(169, 80, 'action', 'Delete Food Category', 'delete_food_category', 'delete_food_category', 0, 'fa-rub', 1, NULL, '2017-10-04 04:41:32', NULL, NULL),
(170, 80, 'action', 'get categories by id of resturants', 'this method is created for getting all the categories that have the passed res_id to this method', 'get_categories_by_id', 0, 'fa-rub', 1, NULL, '2017-10-04 10:55:39', NULL, NULL),
(171, 80, 'action', 'get categories which are not assigned to selected id', '', 'get_categories_which_are_not_assigned_to_this_id', 0, 'fa-rub', 1, NULL, '2017-10-05 06:49:52', NULL, NULL),
(172, 68, 'action', 'categories of selected resturent', 'explore_items_of_categories', 'explore_items_of_categories', 0, 'fa-rub', 1, NULL, '2017-10-05 14:05:25', NULL, NULL),
(173, 68, 'action', 'toggle_visiblity', 'toggle_visiblity', 'toggle_visiblity', 0, 'fa-rub', 1, NULL, '2017-10-16 11:54:29', NULL, NULL),
(174, 55, 'action', 'mobile general order', 'mobile general order, gets all general order on ajax', 'mobile_general_order', 0, 'fa-rub', 1, NULL, '2017-10-20 07:19:51', NULL, NULL);

-- --------------------------------------------------------

--
-- Table structure for table `module_rights`
--

CREATE TABLE IF NOT EXISTS `module_rights` (
  `mr_id` int(11) NOT NULL AUTO_INCREMENT,
  `role_id` int(11) DEFAULT NULL,
  `module_id` int(11) DEFAULT NULL,
  `mr_status` tinyint(4) DEFAULT '1',
  `created_by` int(11) DEFAULT NULL,
  `created_date` timestamp NOT NULL DEFAULT CURRENT_TIMESTAMP,
  `last_updated` datetime DEFAULT NULL,
  `last_updated_by` int(11) DEFAULT NULL,
  PRIMARY KEY (`mr_id`),
  KEY `fk_module_rights_roles1_idx` (`role_id`),
  KEY `fk_module_rights_modules1_idx` (`module_id`)
) ENGINE=InnoDB  DEFAULT CHARSET=utf8 AUTO_INCREMENT=10147 ;

--
-- Dumping data for table `module_rights`
--

INSERT INTO `module_rights` (`mr_id`, `role_id`, `module_id`, `mr_status`, `created_by`, `created_date`, `last_updated`, `last_updated_by`) VALUES
(602, 3, 35, 1, NULL, '2014-12-31 10:06:01', NULL, NULL),
(603, 3, 36, 1, NULL, '2014-12-31 10:06:01', NULL, NULL),
(604, 3, 37, 1, NULL, '2014-12-31 10:06:01', NULL, NULL),
(605, 3, 38, 1, NULL, '2014-12-31 10:06:01', NULL, NULL),
(606, 3, 39, 1, NULL, '2014-12-31 10:06:01', NULL, NULL),
(607, 3, 40, 1, NULL, '2014-12-31 10:06:01', NULL, NULL),
(608, 3, 41, 1, NULL, '2014-12-31 10:06:01', NULL, NULL),
(609, 3, 42, 1, NULL, '2014-12-31 10:06:01', NULL, NULL),
(610, 3, 43, 1, NULL, '2014-12-31 10:06:02', NULL, NULL),
(611, 4, 32, 1, NULL, '2014-12-31 10:06:18', NULL, NULL),
(612, 4, 31, 1, NULL, '2014-12-31 10:06:18', NULL, NULL),
(613, 4, 33, 1, NULL, '2014-12-31 10:06:18', NULL, NULL),
(614, 4, 44, 1, NULL, '2014-12-31 10:06:18', NULL, NULL),
(615, 4, 45, 1, NULL, '2014-12-31 10:06:18', NULL, NULL),
(616, 4, 46, 1, NULL, '2014-12-31 10:06:18', NULL, NULL),
(617, 4, 47, 1, NULL, '2014-12-31 10:06:18', NULL, NULL),
(618, 4, 48, 1, NULL, '2014-12-31 10:06:18', NULL, NULL),
(619, 4, 49, 1, NULL, '2014-12-31 10:06:18', NULL, NULL),
(3781, 5, 57, 1, NULL, '2017-05-10 07:42:30', NULL, NULL),
(3782, 5, 55, 1, NULL, '2017-05-10 07:42:30', NULL, NULL),
(3783, 5, 58, 1, NULL, '2017-05-10 07:42:30', NULL, NULL),
(3784, 5, 59, 1, NULL, '2017-05-10 07:42:30', NULL, NULL),
(3785, 5, 86, 1, NULL, '2017-05-10 07:42:30', NULL, NULL),
(3786, 5, 89, 1, NULL, '2017-05-10 07:42:30', NULL, NULL),
(3787, 5, 90, 1, NULL, '2017-05-10 07:42:30', NULL, NULL),
(3788, 5, 91, 1, NULL, '2017-05-10 07:42:30', NULL, NULL),
(3789, 5, 95, 1, NULL, '2017-05-10 07:42:30', NULL, NULL),
(3790, 5, 96, 1, NULL, '2017-05-10 07:42:30', NULL, NULL),
(3791, 5, 97, 1, NULL, '2017-05-10 07:42:30', NULL, NULL),
(3792, 5, 98, 1, NULL, '2017-05-10 07:42:30', NULL, NULL),
(3793, 5, 99, 1, NULL, '2017-05-10 07:42:30', NULL, NULL),
(3794, 5, 105, 1, NULL, '2017-05-10 07:42:30', NULL, NULL),
(3795, 5, 106, 1, NULL, '2017-05-10 07:42:30', NULL, NULL),
(3796, 5, 115, 1, NULL, '2017-05-10 07:42:30', NULL, NULL),
(3797, 5, 122, 1, NULL, '2017-05-10 07:42:30', NULL, NULL),
(3798, 5, 69, 1, NULL, '2017-05-10 07:42:30', NULL, NULL),
(3799, 5, 68, 1, NULL, '2017-05-10 07:42:30', NULL, NULL),
(3800, 5, 70, 1, NULL, '2017-05-10 07:42:30', NULL, NULL),
(3801, 5, 71, 1, NULL, '2017-05-10 07:42:30', NULL, NULL),
(3802, 5, 72, 1, NULL, '2017-05-10 07:42:30', NULL, NULL),
(3803, 5, 73, 1, NULL, '2017-05-10 07:42:30', NULL, NULL),
(3804, 5, 75, 1, NULL, '2017-05-10 07:42:30', NULL, NULL),
(3805, 5, 74, 1, NULL, '2017-05-10 07:42:30', NULL, NULL),
(3806, 5, 76, 1, NULL, '2017-05-10 07:42:30', NULL, NULL),
(3807, 5, 77, 1, NULL, '2017-05-10 07:42:30', NULL, NULL),
(3808, 5, 78, 1, NULL, '2017-05-10 07:42:30', NULL, NULL),
(3809, 5, 79, 1, NULL, '2017-05-10 07:42:30', NULL, NULL),
(3810, 5, 81, 1, NULL, '2017-05-10 07:42:30', NULL, NULL),
(3811, 5, 80, 1, NULL, '2017-05-10 07:42:30', NULL, NULL),
(3812, 5, 82, 1, NULL, '2017-05-10 07:42:30', NULL, NULL),
(3813, 5, 83, 1, NULL, '2017-05-10 07:42:30', NULL, NULL),
(3814, 5, 84, 1, NULL, '2017-05-10 07:42:30', NULL, NULL),
(3815, 5, 85, 1, NULL, '2017-05-10 07:42:30', NULL, NULL),
(3816, 5, 114, 1, NULL, '2017-05-10 07:42:30', NULL, NULL),
(3817, 5, 117, 1, NULL, '2017-05-10 07:42:30', NULL, NULL),
(3818, 5, 116, 1, NULL, '2017-05-10 07:42:30', NULL, NULL),
(3819, 5, 118, 1, NULL, '2017-05-10 07:42:30', NULL, NULL),
(3820, 5, 119, 1, NULL, '2017-05-10 07:42:30', NULL, NULL),
(3821, 5, 120, 1, NULL, '2017-05-10 07:42:30', NULL, NULL),
(3822, 5, 121, 1, NULL, '2017-05-10 07:42:30', NULL, NULL),
(3823, 5, 124, 1, NULL, '2017-05-10 07:42:30', NULL, NULL),
(3824, 5, 123, 1, NULL, '2017-05-10 07:42:30', NULL, NULL),
(3825, 5, 125, 1, NULL, '2017-05-10 07:42:30', NULL, NULL),
(3826, 5, 126, 1, NULL, '2017-05-10 07:42:30', NULL, NULL),
(3827, 5, 127, 1, NULL, '2017-05-10 07:42:30', NULL, NULL),
(3828, 5, 128, 1, NULL, '2017-05-10 07:42:30', NULL, NULL),
(3829, 5, 107, 1, NULL, '2017-05-10 07:42:30', NULL, NULL),
(3830, 5, 63, 1, NULL, '2017-05-10 07:42:30', NULL, NULL),
(3831, 5, 60, 1, NULL, '2017-05-10 07:42:30', NULL, NULL),
(3832, 5, 64, 1, NULL, '2017-05-10 07:42:30', NULL, NULL),
(3833, 5, 65, 1, NULL, '2017-05-10 07:42:30', NULL, NULL),
(3834, 5, 87, 1, NULL, '2017-05-10 07:42:30', NULL, NULL),
(3835, 5, 88, 1, NULL, '2017-05-10 07:42:30', NULL, NULL),
(3836, 5, 66, 1, NULL, '2017-05-10 07:42:30', NULL, NULL),
(3837, 5, 67, 1, NULL, '2017-05-10 07:42:30', NULL, NULL),
(4956, 6, 90, 1, NULL, '2017-05-23 07:19:07', NULL, NULL),
(4957, 6, 55, 1, NULL, '2017-05-23 07:19:07', NULL, NULL),
(4958, 6, 91, 1, NULL, '2017-05-23 07:19:07', NULL, NULL),
(4959, 6, 92, 1, NULL, '2017-05-23 07:19:07', NULL, NULL),
(4960, 6, 137, 1, NULL, '2017-05-23 07:19:07', NULL, NULL),
(4961, 6, 138, 1, NULL, '2017-05-23 07:19:07', NULL, NULL),
(5348, 7, 86, 1, NULL, '2017-05-29 05:36:36', NULL, NULL),
(5349, 7, 55, 1, NULL, '2017-05-29 05:36:36', NULL, NULL),
(5350, 7, 89, 1, NULL, '2017-05-29 05:36:36', NULL, NULL),
(5351, 7, 93, 1, NULL, '2017-05-29 05:36:36', NULL, NULL),
(5352, 7, 94, 1, NULL, '2017-05-29 05:36:36', NULL, NULL),
(5353, 7, 95, 1, NULL, '2017-05-29 05:36:36', NULL, NULL),
(5354, 7, 96, 1, NULL, '2017-05-29 05:36:36', NULL, NULL),
(5355, 7, 97, 1, NULL, '2017-05-29 05:36:36', NULL, NULL),
(5356, 7, 98, 1, NULL, '2017-05-29 05:36:36', NULL, NULL),
(5357, 7, 99, 1, NULL, '2017-05-29 05:36:36', NULL, NULL),
(5358, 7, 100, 1, NULL, '2017-05-29 05:36:36', NULL, NULL),
(5359, 7, 101, 1, NULL, '2017-05-29 05:36:36', NULL, NULL),
(5360, 7, 102, 1, NULL, '2017-05-29 05:36:36', NULL, NULL),
(5361, 7, 104, 1, NULL, '2017-05-29 05:36:36', NULL, NULL),
(5362, 7, 107, 1, NULL, '2017-05-29 05:36:36', NULL, NULL),
(5363, 7, 108, 1, NULL, '2017-05-29 05:36:36', NULL, NULL),
(5364, 7, 109, 1, NULL, '2017-05-29 05:36:36', NULL, NULL),
(5365, 7, 110, 1, NULL, '2017-05-29 05:36:36', NULL, NULL),
(5366, 7, 111, 1, NULL, '2017-05-29 05:36:36', NULL, NULL),
(5367, 7, 112, 1, NULL, '2017-05-29 05:36:36', NULL, NULL),
(5368, 7, 113, 1, NULL, '2017-05-29 05:36:36', NULL, NULL),
(5369, 7, 115, 1, NULL, '2017-05-29 05:36:36', NULL, NULL),
(5370, 7, 131, 1, NULL, '2017-05-29 05:36:36', NULL, NULL),
(5371, 7, 132, 1, NULL, '2017-05-29 05:36:36', NULL, NULL),
(5372, 7, 140, 1, NULL, '2017-05-29 05:36:36', NULL, NULL),
(5373, 7, 141, 1, NULL, '2017-05-29 05:36:36', NULL, NULL),
(5374, 7, 142, 1, NULL, '2017-05-29 05:36:36', NULL, NULL),
(5375, 7, 144, 1, NULL, '2017-05-29 05:36:36', NULL, NULL),
(5812, 8, 2, 1, NULL, '2017-06-02 06:15:47', NULL, NULL),
(5813, 8, 16, 1, NULL, '2017-06-02 06:15:47', NULL, NULL),
(5814, 8, 17, 1, NULL, '2017-06-02 06:15:47', NULL, NULL),
(5815, 8, 18, 1, NULL, '2017-06-02 06:15:47', NULL, NULL),
(5816, 8, 19, 1, NULL, '2017-06-02 06:15:47', NULL, NULL),
(5817, 8, 20, 1, NULL, '2017-06-02 06:15:47', NULL, NULL),
(5818, 8, 21, 1, NULL, '2017-06-02 06:15:47', NULL, NULL),
(5819, 8, 22, 1, NULL, '2017-06-02 06:15:47', NULL, NULL),
(5820, 8, 23, 1, NULL, '2017-06-02 06:15:47', NULL, NULL),
(5821, 8, 24, 1, NULL, '2017-06-02 06:15:47', NULL, NULL),
(5822, 8, 25, 1, NULL, '2017-06-02 06:15:47', NULL, NULL),
(5823, 8, 26, 1, NULL, '2017-06-02 06:15:47', NULL, NULL),
(5824, 8, 27, 1, NULL, '2017-06-02 06:15:47', NULL, NULL),
(5825, 8, 28, 1, NULL, '2017-06-02 06:15:47', NULL, NULL),
(5826, 8, 29, 1, NULL, '2017-06-02 06:15:47', NULL, NULL),
(5827, 8, 30, 1, NULL, '2017-06-02 06:15:47', NULL, NULL),
(5828, 8, 31, 1, NULL, '2017-06-02 06:15:47', NULL, NULL),
(5829, 8, 32, 1, NULL, '2017-06-02 06:15:47', NULL, NULL),
(5830, 8, 33, 1, NULL, '2017-06-02 06:15:47', NULL, NULL),
(5831, 8, 44, 1, NULL, '2017-06-02 06:15:47', NULL, NULL),
(5832, 8, 45, 1, NULL, '2017-06-02 06:15:47', NULL, NULL),
(5833, 8, 46, 1, NULL, '2017-06-02 06:15:47', NULL, NULL),
(5834, 8, 47, 1, NULL, '2017-06-02 06:15:47', NULL, NULL),
(5835, 8, 48, 1, NULL, '2017-06-02 06:15:47', NULL, NULL),
(5836, 8, 49, 1, NULL, '2017-06-02 06:15:47', NULL, NULL),
(5837, 8, 143, 1, NULL, '2017-06-02 06:15:47', NULL, NULL),
(5838, 8, 35, 1, NULL, '2017-06-02 06:15:47', NULL, NULL),
(5839, 8, 36, 1, NULL, '2017-06-02 06:15:47', NULL, NULL),
(5840, 8, 37, 1, NULL, '2017-06-02 06:15:47', NULL, NULL),
(5841, 8, 38, 1, NULL, '2017-06-02 06:15:47', NULL, NULL),
(5842, 8, 39, 1, NULL, '2017-06-02 06:15:47', NULL, NULL),
(5843, 8, 40, 1, NULL, '2017-06-02 06:15:47', NULL, NULL),
(5844, 8, 41, 1, NULL, '2017-06-02 06:15:47', NULL, NULL),
(5845, 8, 42, 1, NULL, '2017-06-02 06:15:47', NULL, NULL),
(5846, 8, 43, 1, NULL, '2017-06-02 06:15:47', NULL, NULL),
(9994, 2, 16, 1, NULL, '2017-10-20 07:20:09', NULL, NULL),
(9995, 2, 2, 1, NULL, '2017-10-20 07:20:10', NULL, NULL),
(9996, 2, 17, 1, NULL, '2017-10-20 07:20:10', NULL, NULL),
(9997, 2, 18, 1, NULL, '2017-10-20 07:20:10', NULL, NULL),
(9998, 2, 19, 1, NULL, '2017-10-20 07:20:10', NULL, NULL),
(9999, 2, 20, 1, NULL, '2017-10-20 07:20:10', NULL, NULL),
(10000, 2, 21, 1, NULL, '2017-10-20 07:20:10', NULL, NULL),
(10001, 2, 22, 1, NULL, '2017-10-20 07:20:10', NULL, NULL),
(10002, 2, 23, 1, NULL, '2017-10-20 07:20:10', NULL, NULL),
(10003, 2, 24, 1, NULL, '2017-10-20 07:20:10', NULL, NULL),
(10004, 2, 25, 1, NULL, '2017-10-20 07:20:10', NULL, NULL),
(10005, 2, 26, 1, NULL, '2017-10-20 07:20:10', NULL, NULL),
(10006, 2, 27, 1, NULL, '2017-10-20 07:20:10', NULL, NULL),
(10007, 2, 28, 1, NULL, '2017-10-20 07:20:10', NULL, NULL),
(10008, 2, 29, 1, NULL, '2017-10-20 07:20:10', NULL, NULL),
(10009, 2, 30, 1, NULL, '2017-10-20 07:20:10', NULL, NULL),
(10010, 2, 32, 1, NULL, '2017-10-20 07:20:10', NULL, NULL),
(10011, 2, 31, 1, NULL, '2017-10-20 07:20:10', NULL, NULL),
(10012, 2, 33, 1, NULL, '2017-10-20 07:20:10', NULL, NULL),
(10013, 2, 44, 1, NULL, '2017-10-20 07:20:10', NULL, NULL),
(10014, 2, 45, 1, NULL, '2017-10-20 07:20:10', NULL, NULL),
(10015, 2, 46, 1, NULL, '2017-10-20 07:20:10', NULL, NULL),
(10016, 2, 47, 1, NULL, '2017-10-20 07:20:10', NULL, NULL),
(10017, 2, 48, 1, NULL, '2017-10-20 07:20:11', NULL, NULL),
(10018, 2, 49, 1, NULL, '2017-10-20 07:20:11', NULL, NULL),
(10019, 2, 143, 1, NULL, '2017-10-20 07:20:11', NULL, NULL),
(10020, 2, 36, 1, NULL, '2017-10-20 07:20:11', NULL, NULL),
(10021, 2, 35, 1, NULL, '2017-10-20 07:20:11', NULL, NULL),
(10022, 2, 37, 1, NULL, '2017-10-20 07:20:11', NULL, NULL),
(10023, 2, 38, 1, NULL, '2017-10-20 07:20:11', NULL, NULL),
(10024, 2, 39, 1, NULL, '2017-10-20 07:20:11', NULL, NULL),
(10025, 2, 40, 1, NULL, '2017-10-20 07:20:11', NULL, NULL),
(10026, 2, 41, 1, NULL, '2017-10-20 07:20:11', NULL, NULL),
(10027, 2, 42, 1, NULL, '2017-10-20 07:20:11', NULL, NULL),
(10028, 2, 43, 1, NULL, '2017-10-20 07:20:11', NULL, NULL),
(10029, 2, 57, 1, NULL, '2017-10-20 07:20:11', NULL, NULL),
(10030, 2, 55, 1, NULL, '2017-10-20 07:20:11', NULL, NULL),
(10031, 2, 58, 1, NULL, '2017-10-20 07:20:11', NULL, NULL),
(10032, 2, 59, 1, NULL, '2017-10-20 07:20:11', NULL, NULL),
(10033, 2, 61, 1, NULL, '2017-10-20 07:20:11', NULL, NULL),
(10034, 2, 62, 1, NULL, '2017-10-20 07:20:11', NULL, NULL),
(10035, 2, 86, 1, NULL, '2017-10-20 07:20:11', NULL, NULL),
(10036, 2, 89, 1, NULL, '2017-10-20 07:20:11', NULL, NULL),
(10037, 2, 90, 1, NULL, '2017-10-20 07:20:11', NULL, NULL),
(10038, 2, 91, 1, NULL, '2017-10-20 07:20:11', NULL, NULL),
(10039, 2, 92, 1, NULL, '2017-10-20 07:20:11', NULL, NULL),
(10040, 2, 93, 1, NULL, '2017-10-20 07:20:12', NULL, NULL),
(10041, 2, 94, 1, NULL, '2017-10-20 07:20:12', NULL, NULL),
(10042, 2, 95, 1, NULL, '2017-10-20 07:20:12', NULL, NULL),
(10043, 2, 96, 1, NULL, '2017-10-20 07:20:12', NULL, NULL),
(10044, 2, 97, 1, NULL, '2017-10-20 07:20:12', NULL, NULL),
(10045, 2, 98, 1, NULL, '2017-10-20 07:20:12', NULL, NULL),
(10046, 2, 99, 1, NULL, '2017-10-20 07:20:12', NULL, NULL),
(10047, 2, 100, 1, NULL, '2017-10-20 07:20:12', NULL, NULL),
(10048, 2, 101, 1, NULL, '2017-10-20 07:20:12', NULL, NULL),
(10049, 2, 102, 1, NULL, '2017-10-20 07:20:12', NULL, NULL),
(10050, 2, 103, 1, NULL, '2017-10-20 07:20:12', NULL, NULL),
(10051, 2, 104, 1, NULL, '2017-10-20 07:20:12', NULL, NULL),
(10052, 2, 105, 1, NULL, '2017-10-20 07:20:12', NULL, NULL),
(10053, 2, 106, 1, NULL, '2017-10-20 07:20:12', NULL, NULL),
(10054, 2, 107, 1, NULL, '2017-10-20 07:20:12', NULL, NULL),
(10055, 2, 108, 1, NULL, '2017-10-20 07:20:12', NULL, NULL),
(10056, 2, 109, 1, NULL, '2017-10-20 07:20:12', NULL, NULL),
(10057, 2, 110, 1, NULL, '2017-10-20 07:20:12', NULL, NULL),
(10058, 2, 111, 1, NULL, '2017-10-20 07:20:12', NULL, NULL),
(10059, 2, 112, 1, NULL, '2017-10-20 07:20:12', NULL, NULL),
(10060, 2, 113, 1, NULL, '2017-10-20 07:20:12', NULL, NULL),
(10061, 2, 115, 1, NULL, '2017-10-20 07:20:12', NULL, NULL),
(10062, 2, 122, 1, NULL, '2017-10-20 07:20:12', NULL, NULL),
(10063, 2, 129, 1, NULL, '2017-10-20 07:20:12', NULL, NULL),
(10064, 2, 130, 1, NULL, '2017-10-20 07:20:13', NULL, NULL),
(10065, 2, 131, 1, NULL, '2017-10-20 07:20:13', NULL, NULL),
(10066, 2, 132, 1, NULL, '2017-10-20 07:20:13', NULL, NULL),
(10067, 2, 133, 1, NULL, '2017-10-20 07:20:13', NULL, NULL),
(10068, 2, 137, 1, NULL, '2017-10-20 07:20:13', NULL, NULL),
(10069, 2, 138, 1, NULL, '2017-10-20 07:20:13', NULL, NULL),
(10070, 2, 139, 1, NULL, '2017-10-20 07:20:13', NULL, NULL),
(10071, 2, 140, 1, NULL, '2017-10-20 07:20:13', NULL, NULL),
(10072, 2, 141, 1, NULL, '2017-10-20 07:20:13', NULL, NULL),
(10073, 2, 142, 1, NULL, '2017-10-20 07:20:13', NULL, NULL),
(10074, 2, 144, 1, NULL, '2017-10-20 07:20:13', NULL, NULL),
(10075, 2, 145, 1, NULL, '2017-10-20 07:20:13', NULL, NULL),
(10076, 2, 146, 1, NULL, '2017-10-20 07:20:13', NULL, NULL),
(10077, 2, 155, 1, NULL, '2017-10-20 07:20:13', NULL, NULL),
(10078, 2, 156, 1, NULL, '2017-10-20 07:20:13', NULL, NULL),
(10079, 2, 158, 1, NULL, '2017-10-20 07:20:13', NULL, NULL),
(10080, 2, 159, 1, NULL, '2017-10-20 07:20:13', NULL, NULL),
(10081, 2, 160, 1, NULL, '2017-10-20 07:20:13', NULL, NULL),
(10082, 2, 161, 1, NULL, '2017-10-20 07:20:13', NULL, NULL),
(10083, 2, 162, 1, NULL, '2017-10-20 07:20:13', NULL, NULL),
(10084, 2, 163, 1, NULL, '2017-10-20 07:20:13', NULL, NULL),
(10085, 2, 164, 1, NULL, '2017-10-20 07:20:13', NULL, NULL),
(10086, 2, 165, 1, NULL, '2017-10-20 07:20:13', NULL, NULL),
(10087, 2, 166, 1, NULL, '2017-10-20 07:20:14', NULL, NULL),
(10088, 2, 63, 1, NULL, '2017-10-20 07:20:14', NULL, NULL),
(10089, 2, 60, 1, NULL, '2017-10-20 07:20:14', NULL, NULL),
(10090, 2, 64, 1, NULL, '2017-10-20 07:20:14', NULL, NULL),
(10091, 2, 65, 1, NULL, '2017-10-20 07:20:14', NULL, NULL),
(10092, 2, 66, 1, NULL, '2017-10-20 07:20:14', NULL, NULL),
(10093, 2, 67, 1, NULL, '2017-10-20 07:20:14', NULL, NULL),
(10094, 2, 87, 1, NULL, '2017-10-20 07:20:14', NULL, NULL),
(10095, 2, 88, 1, NULL, '2017-10-20 07:20:14', NULL, NULL),
(10096, 2, 69, 1, NULL, '2017-10-20 07:20:14', NULL, NULL),
(10097, 2, 68, 1, NULL, '2017-10-20 07:20:14', NULL, NULL),
(10098, 2, 70, 1, NULL, '2017-10-20 07:20:14', NULL, NULL),
(10099, 2, 71, 1, NULL, '2017-10-20 07:20:14', NULL, NULL),
(10100, 2, 72, 1, NULL, '2017-10-20 07:20:14', NULL, NULL),
(10101, 2, 73, 1, NULL, '2017-10-20 07:20:14', NULL, NULL),
(10102, 2, 157, 1, NULL, '2017-10-20 07:20:14', NULL, NULL),
(10103, 2, 172, 1, NULL, '2017-10-20 07:20:14', NULL, NULL),
(10104, 2, 173, 1, NULL, '2017-10-20 07:20:14', NULL, NULL),
(10105, 2, 75, 1, NULL, '2017-10-20 07:20:15', NULL, NULL),
(10106, 2, 74, 1, NULL, '2017-10-20 07:20:15', NULL, NULL),
(10107, 2, 76, 1, NULL, '2017-10-20 07:20:15', NULL, NULL),
(10108, 2, 77, 1, NULL, '2017-10-20 07:20:15', NULL, NULL),
(10109, 2, 78, 1, NULL, '2017-10-20 07:20:15', NULL, NULL),
(10110, 2, 79, 1, NULL, '2017-10-20 07:20:15', NULL, NULL),
(10111, 2, 134, 1, NULL, '2017-10-20 07:20:15', NULL, NULL),
(10112, 2, 135, 1, NULL, '2017-10-20 07:20:15', NULL, NULL),
(10113, 2, 136, 1, NULL, '2017-10-20 07:20:15', NULL, NULL),
(10114, 2, 81, 1, NULL, '2017-10-20 07:20:15', NULL, NULL),
(10115, 2, 80, 1, NULL, '2017-10-20 07:20:15', NULL, NULL),
(10116, 2, 82, 1, NULL, '2017-10-20 07:20:15', NULL, NULL),
(10117, 2, 83, 1, NULL, '2017-10-20 07:20:15', NULL, NULL),
(10118, 2, 84, 1, NULL, '2017-10-20 07:20:15', NULL, NULL),
(10119, 2, 85, 1, NULL, '2017-10-20 07:20:15', NULL, NULL),
(10120, 2, 114, 1, NULL, '2017-10-20 07:20:15', NULL, NULL),
(10121, 2, 167, 1, NULL, '2017-10-20 07:20:15', NULL, NULL),
(10122, 2, 168, 1, NULL, '2017-10-20 07:20:15', NULL, NULL),
(10123, 2, 169, 1, NULL, '2017-10-20 07:20:15', NULL, NULL),
(10124, 2, 170, 1, NULL, '2017-10-20 07:20:15', NULL, NULL),
(10125, 2, 171, 1, NULL, '2017-10-20 07:20:16', NULL, NULL),
(10126, 2, 117, 1, NULL, '2017-10-20 07:20:16', NULL, NULL),
(10127, 2, 116, 1, NULL, '2017-10-20 07:20:16', NULL, NULL),
(10128, 2, 118, 1, NULL, '2017-10-20 07:20:16', NULL, NULL),
(10129, 2, 119, 1, NULL, '2017-10-20 07:20:16', NULL, NULL),
(10130, 2, 120, 1, NULL, '2017-10-20 07:20:16', NULL, NULL),
(10131, 2, 121, 1, NULL, '2017-10-20 07:20:16', NULL, NULL),
(10132, 2, 124, 1, NULL, '2017-10-20 07:20:16', NULL, NULL),
(10133, 2, 123, 1, NULL, '2017-10-20 07:20:16', NULL, NULL),
(10134, 2, 125, 1, NULL, '2017-10-20 07:20:16', NULL, NULL),
(10135, 2, 126, 1, NULL, '2017-10-20 07:20:16', NULL, NULL),
(10136, 2, 127, 1, NULL, '2017-10-20 07:20:16', NULL, NULL),
(10137, 2, 128, 1, NULL, '2017-10-20 07:20:16', NULL, NULL),
(10138, 2, 148, 1, NULL, '2017-10-20 07:20:16', NULL, NULL),
(10139, 2, 147, 1, NULL, '2017-10-20 07:20:16', NULL, NULL),
(10140, 2, 149, 1, NULL, '2017-10-20 07:20:16', NULL, NULL),
(10141, 2, 150, 1, NULL, '2017-10-20 07:20:16', NULL, NULL),
(10142, 2, 151, 1, NULL, '2017-10-20 07:20:16', NULL, NULL),
(10143, 2, 154, 1, NULL, '2017-10-20 07:20:16', NULL, NULL),
(10144, 2, 153, 1, NULL, '2017-10-20 07:20:16', NULL, NULL),
(10145, 2, 152, 1, NULL, '2017-10-20 07:20:16', NULL, NULL),
(10146, 2, 174, 1, NULL, '2017-10-20 07:20:16', NULL, NULL);

-- --------------------------------------------------------

--
-- Table structure for table `order`
--

CREATE TABLE IF NOT EXISTS `order` (
  `o_id` int(10) NOT NULL AUTO_INCREMENT,
  `order_details` text NOT NULL,
  `delivery_charges` varchar(255) NOT NULL,
  `deliverytime` varchar(255) NOT NULL,
  `customer_id` int(10) NOT NULL,
  `status` tinyint(6) NOT NULL DEFAULT '1',
  `comment` varchar(255) NOT NULL,
  `orderdate` date NOT NULL,
  `ordertime` time NOT NULL,
  `placedtime` time DEFAULT NULL,
  `orderreadytime` time NOT NULL,
  `timer` time(6) NOT NULL,
  `orderpickingtime` time NOT NULL,
  `reason` varchar(255) NOT NULL,
  `rider` int(10) DEFAULT NULL,
  `rider_acknowleg` time NOT NULL,
  `riderpicking_time` time DEFAULT NULL,
  `rider_acktime` time DEFAULT NULL,
  `rider_droptime` time DEFAULT NULL,
  `ordertype` tinyint(2) NOT NULL,
  `mobile_order` tinyint(4) NOT NULL,
  PRIMARY KEY (`o_id`)
) ENGINE=InnoDB  DEFAULT CHARSET=latin1 AUTO_INCREMENT=512 ;

--
-- Dumping data for table `order`
--

INSERT INTO `order` (`o_id`, `order_details`, `delivery_charges`, `deliverytime`, `customer_id`, `status`, `comment`, `orderdate`, `ordertime`, `placedtime`, `orderreadytime`, `timer`, `orderpickingtime`, `reason`, `rider`, `rider_acknowleg`, `riderpicking_time`, `rider_acktime`, `rider_droptime`, `ordertype`, `mobile_order`) VALUES
(1, 'Bring Coke with Shwarma', '200', '40', 445, 2, 'JJJDF ', '0000-00-00', '00:00:00', '04:12:16', '04:18:16', '00:00:00.000000', '00:00:00', 'another time cancel function executed', 0, '00:00:00', NULL, NULL, NULL, 1, 0),
(2, 'Bring laptop from my flat to office', '100', '50', 446, 7, '', '0000-00-00', '00:00:00', '06:30:17', '00:00:00', '00:00:00.000000', '00:00:00', '', 3, '00:00:00', '01:01:00', NULL, NULL, 2, 0),
(3, '', '', '', 447, 5, '', '0000-00-00', '00:00:00', NULL, '00:00:00', '00:00:00.000000', '00:00:00', 'order cencelled', 3, '00:00:00', NULL, NULL, NULL, 1, 0),
(4, '', '250', '90', 448, 2, '', '0000-00-00', '00:00:00', '10:30:57', '00:00:00', '00:00:00.000000', '00:00:00', '', NULL, '00:00:00', NULL, NULL, NULL, 0, 0),
(5, '', '300', '90', 449, 2, '', '0000-00-00', '00:00:00', '11:23:52', '00:00:30', '00:00:00.000000', '00:00:00', '', NULL, '00:00:00', NULL, NULL, NULL, 0, 0),
(6, 'no details yet', '100', '60', 450, 5, '', '0000-00-00', '00:00:00', NULL, '00:00:00', '00:00:00.000000', '00:00:00', 'another time cancel function executed', NULL, '00:00:00', NULL, NULL, NULL, 1, 0),
(7, 'no details yet another ', '100', '40', 451, 1, '', '0000-00-00', '00:00:00', NULL, '00:00:00', '00:00:00.000000', '00:00:00', '', NULL, '00:00:00', NULL, NULL, NULL, 1, 0),
(8, 'special with cocacola', '100', '40', 450, 5, '', '0000-00-00', '00:00:00', NULL, '00:00:00', '00:00:00.000000', '00:00:00', 'no reason', NULL, '00:00:00', NULL, NULL, NULL, 1, 0),
(21, '', '100', '40', 450, 1, '', '0000-00-00', '00:00:00', NULL, '00:00:00', '00:00:00.000000', '00:00:00', '', NULL, '00:00:00', NULL, NULL, NULL, 1, 0),
(22, '', '100', '40', 450, 1, '', '0000-00-00', '00:00:00', NULL, '00:00:00', '00:00:00.000000', '00:00:00', '', NULL, '00:00:00', NULL, NULL, NULL, 1, 0),
(23, '', '100', '40', 450, 1, '', '0000-00-00', '00:00:00', NULL, '00:00:00', '00:00:00.000000', '00:00:00', '', NULL, '00:00:00', NULL, NULL, NULL, 1, 0),
(24, '', '100', '40', 450, 1, '', '0000-00-00', '00:00:00', NULL, '00:00:00', '00:00:00.000000', '00:00:00', '', NULL, '00:00:00', NULL, NULL, NULL, 1, 0),
(25, '', '100', '40', 450, 1, '', '0000-00-00', '00:00:00', NULL, '00:00:00', '00:00:00.000000', '00:00:00', '', NULL, '00:00:00', NULL, NULL, NULL, 1, 0),
(26, '', '100', '40', 450, 1, '', '0000-00-00', '00:00:00', NULL, '00:00:00', '00:00:00.000000', '00:00:00', '', NULL, '00:00:00', NULL, NULL, NULL, 1, 0),
(27, '', '100', '40', 450, 1, '', '0000-00-00', '00:00:00', NULL, '00:00:00', '00:00:00.000000', '00:00:00', '', NULL, '00:00:00', NULL, NULL, NULL, 1, 0),
(28, '', '100', '40', 450, 1, '', '0000-00-00', '00:00:00', NULL, '00:00:00', '00:00:00.000000', '00:00:00', '', NULL, '00:00:00', NULL, NULL, NULL, 1, 0),
(29, '', '100', '40', 450, 5, '', '0000-00-00', '00:00:00', NULL, '00:00:00', '00:00:00.000000', '00:00:00', '', NULL, '00:00:00', NULL, NULL, NULL, 1, 0),
(30, '', '100', '40', 450, 1, '', '0000-00-00', '00:00:00', NULL, '00:00:00', '00:00:00.000000', '00:00:00', '', NULL, '00:00:00', NULL, NULL, NULL, 1, 0),
(31, '', '150', '90', 450, 1, '', '0000-00-00', '00:00:00', NULL, '00:00:00', '00:00:00.000000', '00:00:00', '', NULL, '00:00:00', NULL, NULL, NULL, 1, 0),
(32, '', '100', '40', 450, 2, '', '0000-00-00', '00:00:00', NULL, '00:00:00', '00:00:00.000000', '00:00:00', '', NULL, '00:00:00', NULL, NULL, NULL, 1, 0),
(33, '', '100', '60', 450, 1, '', '0000-00-00', '00:00:00', NULL, '00:00:00', '00:00:00.000000', '00:00:00', '', NULL, '00:00:00', NULL, NULL, NULL, 1, 0),
(34, '', '100', '60', 450, 1, '', '0000-00-00', '00:00:00', NULL, '00:00:00', '00:00:00.000000', '00:00:00', '', NULL, '00:00:00', NULL, NULL, NULL, 1, 0),
(35, '', '100', '60', 450, 2, '', '0000-00-00', '00:00:00', NULL, '00:00:00', '00:00:00.000000', '00:00:00', '', NULL, '00:00:00', NULL, NULL, NULL, 1, 0),
(36, '', '100', '40', 450, 1, '', '0000-00-00', '00:00:00', NULL, '00:00:00', '00:00:00.000000', '00:00:00', '', NULL, '00:00:00', NULL, NULL, NULL, 1, 0),
(37, '', '100', '40', 450, 1, '', '0000-00-00', '00:00:00', NULL, '00:00:00', '00:00:00.000000', '00:00:00', '', NULL, '00:00:00', NULL, NULL, NULL, 1, 0),
(38, '', '100', '40', 450, 1, '', '0000-00-00', '00:00:00', NULL, '00:00:00', '00:00:00.000000', '00:00:00', '', NULL, '00:00:00', NULL, NULL, NULL, 1, 0),
(39, '', '100', '40', 450, 1, '', '0000-00-00', '00:00:00', NULL, '00:00:00', '00:00:00.000000', '00:00:00', '', NULL, '00:00:00', NULL, NULL, NULL, 1, 0),
(40, '', '100', '40', 450, 1, '', '0000-00-00', '00:00:00', NULL, '00:00:00', '00:00:00.000000', '00:00:00', '', NULL, '00:00:00', NULL, NULL, NULL, 1, 0),
(41, '', '100', '40', 450, 2, '', '0000-00-00', '00:00:00', NULL, '00:00:00', '00:00:00.000000', '00:00:00', '', NULL, '00:00:00', NULL, NULL, NULL, 1, 0),
(42, '', '100', '40', 450, 3, '', '0000-00-00', '00:00:00', NULL, '00:00:00', '00:00:00.000000', '00:00:00', '', NULL, '00:00:00', NULL, NULL, NULL, 1, 0),
(43, '', '100', '40', 450, 1, '', '0000-00-00', '00:00:00', NULL, '00:00:00', '00:00:00.000000', '00:00:00', '', NULL, '00:00:00', NULL, NULL, NULL, 1, 0),
(44, '', '100', '40', 450, 1, '', '0000-00-00', '00:00:00', NULL, '00:00:00', '00:00:00.000000', '00:00:00', '', NULL, '00:00:00', NULL, NULL, NULL, 1, 0),
(45, '', '100', '40', 450, 1, '', '0000-00-00', '00:00:00', NULL, '00:00:00', '00:00:00.000000', '00:00:00', '', NULL, '00:00:00', NULL, NULL, NULL, 1, 0),
(46, '', '100', '40', 450, 1, '', '0000-00-00', '00:00:00', NULL, '00:00:00', '00:00:00.000000', '00:00:00', '', NULL, '00:00:00', NULL, NULL, NULL, 1, 0),
(47, '', '100', '40', 450, 1, '', '0000-00-00', '00:00:00', NULL, '00:00:00', '00:00:00.000000', '00:00:00', '', NULL, '00:00:00', NULL, NULL, NULL, 1, 0),
(48, '', '100', '40', 450, 1, '', '0000-00-00', '00:00:00', NULL, '00:00:00', '00:00:00.000000', '00:00:00', '', NULL, '00:00:00', NULL, NULL, NULL, 1, 0),
(49, '', '100', '40', 450, 1, '', '0000-00-00', '00:00:00', NULL, '00:00:00', '00:00:00.000000', '00:00:00', '', NULL, '00:00:00', NULL, NULL, NULL, 1, 0),
(50, '', '100', '40', 450, 1, '', '0000-00-00', '00:00:00', NULL, '00:00:00', '00:00:00.000000', '00:00:00', '', NULL, '00:00:00', NULL, NULL, NULL, 1, 0),
(51, '', '100', '40', 450, 1, '', '0000-00-00', '00:00:00', NULL, '00:00:00', '00:00:00.000000', '00:00:00', '', NULL, '00:00:00', NULL, NULL, NULL, 1, 0),
(52, '', '100', '', 453, 1, '', '0000-00-00', '00:00:00', NULL, '00:00:00', '00:00:00.000000', '00:00:00', '', NULL, '00:00:00', NULL, NULL, NULL, 1, 0),
(53, '', '100', '', 453, 1, '', '0000-00-00', '00:00:00', NULL, '00:00:00', '00:00:00.000000', '00:00:00', '', NULL, '00:00:00', NULL, NULL, NULL, 1, 0),
(54, '', '100', '', 453, 1, '', '0000-00-00', '00:00:00', NULL, '00:00:00', '00:00:00.000000', '00:00:00', '', NULL, '00:00:00', NULL, NULL, NULL, 1, 0),
(55, '', '100', '', 453, 1, '', '0000-00-00', '00:00:00', NULL, '00:00:00', '00:00:00.000000', '00:00:00', '', NULL, '00:00:00', NULL, NULL, NULL, 1, 0),
(56, '', '100', '', 453, 1, '', '0000-00-00', '00:00:00', NULL, '00:00:00', '00:00:00.000000', '00:00:00', '', NULL, '00:00:00', NULL, NULL, NULL, 1, 0),
(57, '', '100', '', 453, 1, '', '0000-00-00', '00:00:00', NULL, '00:00:00', '00:00:00.000000', '00:00:00', '', NULL, '00:00:00', NULL, NULL, NULL, 1, 0),
(58, '', '100', '', 453, 1, '', '0000-00-00', '00:00:00', NULL, '00:00:00', '00:00:00.000000', '00:00:00', '', NULL, '00:00:00', NULL, NULL, NULL, 1, 0),
(59, '', '100', '40', 450, 1, '', '0000-00-00', '00:00:00', NULL, '00:00:00', '00:00:00.000000', '00:00:00', '', NULL, '00:00:00', NULL, NULL, NULL, 1, 0),
(60, '', '100', '40', 450, 1, '', '0000-00-00', '00:00:00', NULL, '00:00:00', '00:00:00.000000', '00:00:00', '', NULL, '00:00:00', NULL, NULL, NULL, 1, 0),
(61, '', '100', '40', 450, 1, '', '0000-00-00', '00:00:00', NULL, '00:00:00', '00:00:00.000000', '00:00:00', '', NULL, '00:00:00', NULL, NULL, NULL, 1, 0),
(62, '', '100', '40', 450, 1, '', '0000-00-00', '00:00:00', NULL, '00:00:00', '00:00:00.000000', '00:00:00', '', NULL, '00:00:00', NULL, NULL, NULL, 1, 0),
(63, '', '100', '40', 450, 1, '', '0000-00-00', '00:00:00', NULL, '00:00:00', '00:00:00.000000', '00:00:00', '', NULL, '00:00:00', NULL, NULL, NULL, 1, 0),
(64, '', '100', '40', 450, 1, '', '0000-00-00', '00:00:00', NULL, '00:00:00', '00:00:00.000000', '00:00:00', '', NULL, '00:00:00', NULL, NULL, NULL, 1, 0),
(65, '', '100', '40', 450, 1, '', '0000-00-00', '00:00:00', NULL, '00:00:00', '00:00:00.000000', '00:00:00', '', NULL, '00:00:00', NULL, NULL, NULL, 1, 0),
(66, '', '100', '40', 450, 1, '', '0000-00-00', '00:00:00', NULL, '00:00:00', '00:00:00.000000', '00:00:00', '', NULL, '00:00:00', NULL, NULL, NULL, 1, 0),
(67, '', '100', '40', 450, 3, '', '0000-00-00', '00:00:00', NULL, '00:00:00', '00:00:00.000000', '00:00:00', '', NULL, '00:00:00', NULL, NULL, NULL, 1, 0),
(68, '', '100', '40', 450, 3, '', '0000-00-00', '00:00:00', NULL, '00:00:00', '00:00:00.000000', '00:00:00', '', NULL, '00:00:00', NULL, NULL, NULL, 1, 0),
(69, '', '100', '40', 450, 3, '', '0000-00-00', '00:00:00', NULL, '00:00:00', '00:00:00.000000', '00:00:00', '', NULL, '00:00:00', NULL, NULL, NULL, 1, 0),
(70, '', '100', '40', 450, 1, '', '0000-00-00', '00:00:00', NULL, '00:00:00', '00:00:00.000000', '00:00:00', '', NULL, '00:00:00', NULL, NULL, NULL, 1, 0),
(71, '', '100', '40', 450, 1, '', '0000-00-00', '00:00:00', NULL, '00:00:00', '00:00:00.000000', '00:00:00', '', NULL, '00:00:00', NULL, NULL, NULL, 1, 0),
(72, '', '100', '40', 450, 1, '', '0000-00-00', '00:00:00', NULL, '00:00:00', '00:00:00.000000', '00:00:00', '', NULL, '00:00:00', NULL, NULL, NULL, 1, 0),
(73, '', '100', '40', 450, 1, '', '0000-00-00', '00:00:00', NULL, '00:00:00', '00:00:00.000000', '00:00:00', '', NULL, '00:00:00', NULL, NULL, NULL, 1, 0),
(74, '', '100', '40', 450, 1, '', '0000-00-00', '00:00:00', NULL, '00:00:00', '00:00:00.000000', '00:00:00', '', NULL, '00:00:00', NULL, NULL, NULL, 1, 0),
(75, '', '100', '40', 450, 1, '', '0000-00-00', '00:00:00', NULL, '00:00:00', '00:00:00.000000', '00:00:00', '', NULL, '00:00:00', NULL, NULL, NULL, 1, 0),
(76, '', '100', '40', 450, 1, '', '0000-00-00', '00:00:00', NULL, '00:00:00', '00:00:00.000000', '00:00:00', '', NULL, '00:00:00', NULL, NULL, NULL, 1, 0),
(77, '', '100', '40', 450, 1, '', '0000-00-00', '00:00:00', NULL, '00:00:00', '00:00:00.000000', '00:00:00', '', NULL, '00:00:00', NULL, NULL, NULL, 1, 0),
(78, '', '100', '40', 450, 1, '', '0000-00-00', '00:00:00', NULL, '00:00:00', '00:00:00.000000', '00:00:00', '', NULL, '00:00:00', NULL, NULL, NULL, 1, 0),
(79, '', '100', '40', 450, 1, '', '0000-00-00', '00:00:00', NULL, '00:00:00', '00:00:00.000000', '00:00:00', '', NULL, '00:00:00', NULL, NULL, NULL, 1, 0),
(81, '', '100', '40', 450, 1, '', '0000-00-00', '00:00:00', NULL, '00:00:00', '00:00:00.000000', '00:00:00', '', NULL, '00:00:00', NULL, NULL, NULL, 1, 0),
(82, '', '100', '40', 450, 3, '', '0000-00-00', '00:00:00', NULL, '00:00:00', '00:00:00.000000', '00:00:00', '', 4, '00:00:00', NULL, NULL, NULL, 1, 0),
(83, '', '100', '40', 450, 1, '', '0000-00-00', '00:00:00', NULL, '00:00:00', '00:00:00.000000', '00:00:00', '', NULL, '00:00:00', NULL, NULL, NULL, 1, 0),
(85, '', '100', '40', 450, 1, '', '0000-00-00', '00:00:00', NULL, '00:00:00', '00:00:00.000000', '00:00:00', '', NULL, '00:00:00', NULL, NULL, NULL, 1, 0),
(87, '', '100', '40', 450, 3, '', '0000-00-00', '00:00:00', NULL, '00:00:00', '00:00:00.000000', '00:00:00', '', 3, '00:00:00', NULL, NULL, NULL, 1, 0),
(132, 'no details here...', '150', '60', 450, 4, '', '0000-00-00', '00:00:00', '05:21:20', '00:00:00', '00:00:00.000000', '00:00:00', '', 3, '00:00:00', NULL, NULL, NULL, 2, 0),
(133, 'bla bla some data khere', '150', '50', 450, 3, '', '0000-00-00', '00:00:00', '05:38:34', '00:00:00', '00:00:00.000000', '00:00:00', '', 4, '00:00:00', NULL, NULL, NULL, 2, 0),
(134, 'details not found', '150', '50', 450, 8, '', '0000-00-00', '00:00:00', '11:33:26', '00:00:00', '00:00:00.000000', '00:00:00', '', NULL, '00:00:00', '03:01:00', NULL, '03:02:00', 2, 0),
(136, '', '', '', 450, 1, '', '0000-00-00', '00:00:00', '02:26:10', '00:00:00', '00:00:00.000000', '00:00:00', '', NULL, '00:00:00', NULL, NULL, NULL, 2, 0),
(137, '55555kkkkk', '150', '50', 463, 7, '', '0000-00-00', '00:00:00', '11:57:13', '00:00:00', '00:00:00.000000', '00:00:00', '', NULL, '00:00:00', '03:02:00', NULL, '02:27:00', 2, 0),
(138, 'more details here gonna....', '200', '60', 450, 4, '', '0000-00-00', '00:00:00', '06:56:41', '00:00:00', '00:00:00.000000', '00:00:00', '', NULL, '00:00:00', '02:45:00', NULL, '02:44:00', 2, 0),
(139, 'here go some details', '100', '40', 464, 1, '', '0000-00-00', '00:00:00', NULL, '00:00:00', '00:00:00.000000', '00:00:00', '', NULL, '00:00:00', NULL, NULL, NULL, 1, 0),
(140, 'here go some details', '100', '40', 464, 1, '', '0000-00-00', '00:00:00', NULL, '00:00:00', '00:00:00.000000', '00:00:00', '', NULL, '00:00:00', NULL, NULL, NULL, 1, 0),
(141, 'here go some details', '100', '40', 464, 1, '', '0000-00-00', '00:00:00', NULL, '00:00:00', '00:00:00.000000', '00:00:00', '', NULL, '00:00:00', NULL, NULL, NULL, 1, 0),
(142, 'here go some details', '100', '40', 464, 1, '', '0000-00-00', '00:00:00', NULL, '00:00:00', '00:00:00.000000', '00:00:00', '', NULL, '00:00:00', NULL, NULL, NULL, 1, 0),
(143, 'here go some details', '100', '40', 464, 1, '', '0000-00-00', '00:00:00', NULL, '00:00:00', '00:00:00.000000', '00:00:00', '', NULL, '00:00:00', NULL, NULL, NULL, 1, 0),
(144, 'here go some details', '100', '40', 464, 1, '', '0000-00-00', '00:00:00', NULL, '00:00:00', '00:00:00.000000', '00:00:00', '', NULL, '00:00:00', NULL, NULL, NULL, 1, 0),
(145, 'here go some details', '100', '40', 464, 1, '', '0000-00-00', '00:00:00', NULL, '00:00:00', '00:00:00.000000', '00:00:00', '', NULL, '00:00:00', NULL, NULL, NULL, 1, 0),
(146, 'here go some details', '100', '40', 464, 1, '', '0000-00-00', '00:00:00', NULL, '00:00:00', '00:00:00.000000', '00:00:00', '', NULL, '00:00:00', NULL, NULL, NULL, 1, 0),
(147, 'here go some details', '100', '40', 464, 1, '', '0000-00-00', '00:00:00', NULL, '00:00:00', '00:00:00.000000', '00:00:00', '', NULL, '00:00:00', NULL, NULL, NULL, 1, 0),
(148, 'here go some details', '100', '40', 464, 1, '', '0000-00-00', '00:00:00', NULL, '00:00:00', '00:00:00.000000', '00:00:00', '', NULL, '00:00:00', NULL, NULL, NULL, 2, 0),
(295, '', '300', '90', 450, 1, '', '0000-00-00', '00:00:00', '11:29:17', '00:00:00', '00:00:00.000000', '00:00:00', '', NULL, '00:00:00', NULL, NULL, NULL, 2, 0),
(296, '', '300', '90', 450, 1, '', '0000-00-00', '00:00:00', '11:31:13', '00:00:00', '00:00:00.000000', '00:00:00', '', NULL, '00:00:00', NULL, NULL, NULL, 2, 0),
(297, '', '300', '90', 450, 1, '', '0000-00-00', '00:00:00', '11:32:10', '00:00:00', '00:00:00.000000', '00:00:00', '', NULL, '00:00:00', NULL, NULL, NULL, 2, 0),
(298, '', '300', '90', 450, 1, '', '0000-00-00', '00:00:00', '11:38:13', '00:00:00', '00:00:00.000000', '00:00:00', '', NULL, '00:00:00', NULL, NULL, NULL, 2, 0),
(299, '', '300', '90', 450, 1, '', '0000-00-00', '00:00:00', '11:38:18', '00:00:00', '00:00:00.000000', '00:00:00', '', NULL, '00:00:00', NULL, NULL, NULL, 2, 0),
(300, '', '300', '90', 450, 1, '', '0000-00-00', '00:00:00', '11:38:43', '00:00:00', '00:00:00.000000', '00:00:00', '', NULL, '00:00:00', NULL, NULL, NULL, 2, 0),
(301, '', '300', '90', 450, 1, '', '0000-00-00', '00:00:00', '11:40:40', '00:00:00', '00:00:00.000000', '00:00:00', '', NULL, '00:00:00', NULL, NULL, NULL, 2, 0),
(302, '', '300', '300', 450, 1, '', '0000-00-00', '00:00:00', NULL, '00:00:00', '00:00:00.000000', '00:00:00', '', NULL, '00:00:00', NULL, NULL, NULL, 1, 0),
(303, '', '300', '90', 450, 1, '', '0000-00-00', '00:00:00', '11:45:21', '00:00:00', '00:00:00.000000', '00:00:00', '', NULL, '00:00:00', NULL, NULL, NULL, 2, 0),
(304, '', '300', '90', 450, 1, '', '0000-00-00', '00:00:00', '11:50:14', '00:00:00', '00:00:00.000000', '00:00:00', '', NULL, '00:00:00', NULL, NULL, NULL, 2, 0),
(305, '', '300', '90', 450, 1, '', '0000-00-00', '00:00:00', '11:50:38', '00:00:00', '00:00:00.000000', '00:00:00', '', NULL, '00:00:00', NULL, NULL, NULL, 2, 0),
(306, '', '300', '90', 450, 1, '', '0000-00-00', '00:00:00', '11:51:11', '00:00:00', '00:00:00.000000', '00:00:00', '', NULL, '00:00:00', NULL, NULL, NULL, 2, 0),
(307, '', '300', '90', 450, 1, '', '0000-00-00', '00:00:00', '11:51:20', '00:00:00', '00:00:00.000000', '00:00:00', '', NULL, '00:00:00', NULL, NULL, NULL, 2, 0),
(308, '', '200', '300', 450, 1, '', '0000-00-00', '00:00:00', NULL, '00:00:00', '00:00:00.000000', '00:00:00', '', NULL, '00:00:00', NULL, NULL, NULL, 1, 0),
(309, '', '300', '90', 450, 1, '', '0000-00-00', '00:00:00', '11:54:14', '00:00:00', '00:00:00.000000', '00:00:00', '', NULL, '00:00:00', NULL, NULL, NULL, 2, 0),
(310, '', '300', '90', 450, 1, '', '0000-00-00', '00:00:00', '11:54:43', '00:00:00', '00:00:00.000000', '00:00:00', '', NULL, '00:00:00', NULL, NULL, NULL, 2, 0),
(311, '', '300', '90', 450, 1, '', '0000-00-00', '00:00:00', '11:55:51', '00:00:00', '00:00:00.000000', '00:00:00', '', NULL, '00:00:00', NULL, NULL, NULL, 2, 0),
(312, '', '250', '300', 450, 1, '', '0000-00-00', '00:00:00', NULL, '00:00:00', '00:00:00.000000', '00:00:00', '', NULL, '00:00:00', NULL, NULL, NULL, 1, 0),
(313, '', '250', '300', 450, 1, '', '0000-00-00', '00:00:00', NULL, '00:00:00', '00:00:00.000000', '00:00:00', '', NULL, '00:00:00', NULL, NULL, NULL, 1, 0),
(314, '', '250', '300', 450, 1, '', '0000-00-00', '00:00:00', NULL, '00:00:00', '00:00:00.000000', '00:00:00', '', NULL, '00:00:00', NULL, NULL, NULL, 1, 0),
(315, '', '250', '300', 450, 1, '', '0000-00-00', '00:00:00', NULL, '00:00:00', '00:00:00.000000', '00:00:00', '', NULL, '00:00:00', NULL, NULL, NULL, 1, 0),
(316, '', '300', '300', 450, 1, '', '0000-00-00', '00:00:00', NULL, '00:00:00', '00:00:00.000000', '00:00:00', '', NULL, '00:00:00', NULL, NULL, NULL, 1, 0),
(317, '', '300', '300', 450, 1, '', '0000-00-00', '00:00:00', NULL, '00:00:00', '00:00:00.000000', '00:00:00', '', NULL, '00:00:00', NULL, NULL, NULL, 1, 0),
(318, '', '200', '90', 450, 1, '', '0000-00-00', '00:00:00', NULL, '00:00:00', '00:00:00.000000', '00:00:00', '', NULL, '00:00:00', NULL, NULL, NULL, 1, 0),
(319, '', '250', '300', 450, 1, '', '0000-00-00', '00:00:00', NULL, '00:00:00', '00:00:00.000000', '00:00:00', '', NULL, '00:00:00', NULL, NULL, NULL, 1, 0),
(320, '', '250', '300', 450, 1, '', '0000-00-00', '00:00:00', NULL, '00:00:00', '00:00:00.000000', '00:00:00', '', NULL, '00:00:00', NULL, NULL, NULL, 1, 0),
(321, '', '250', '300', 450, 1, '', '0000-00-00', '00:00:00', NULL, '00:00:00', '00:00:00.000000', '00:00:00', '', NULL, '00:00:00', NULL, NULL, NULL, 1, 0),
(322, '', '300', '300', 450, 1, '', '0000-00-00', '00:00:00', NULL, '00:00:00', '00:00:00.000000', '00:00:00', '', NULL, '00:00:00', NULL, NULL, NULL, 1, 0),
(323, '', '300', '300', 450, 1, '', '0000-00-00', '00:00:00', NULL, '00:00:00', '00:00:00.000000', '00:00:00', '', NULL, '00:00:00', NULL, NULL, NULL, 1, 0),
(324, '', '200', '120', 450, 1, '', '0000-00-00', '00:00:00', NULL, '00:00:00', '00:00:00.000000', '00:00:00', '', NULL, '00:00:00', NULL, NULL, NULL, 1, 0),
(325, '', '200', '90', 450, 1, '', '0000-00-00', '00:00:00', NULL, '00:00:00', '00:00:00.000000', '00:00:00', '', NULL, '00:00:00', NULL, NULL, NULL, 1, 0),
(326, '', '200', '300', 450, 1, '', '0000-00-00', '00:00:00', NULL, '00:00:00', '00:00:00.000000', '00:00:00', '', NULL, '00:00:00', NULL, NULL, NULL, 1, 0),
(327, '', '300', '300', 450, 3, '', '0000-00-00', '00:00:00', NULL, '00:00:00', '00:00:00.000000', '00:00:00', '', 3, '00:00:00', NULL, NULL, NULL, 1, 0),
(328, '', '150', '120', 450, 1, '', '0000-00-00', '00:00:00', NULL, '00:00:00', '00:00:00.000000', '00:00:00', '', NULL, '00:00:00', NULL, NULL, NULL, 1, 0),
(329, '', '200', '300', 450, 1, '', '0000-00-00', '00:00:00', NULL, '00:00:00', '00:00:00.000000', '00:00:00', '', NULL, '00:00:00', NULL, NULL, NULL, 1, 0),
(330, '', '250', '300', 450, 1, '', '0000-00-00', '00:00:00', NULL, '00:00:00', '00:00:00.000000', '00:00:00', '', NULL, '00:00:00', NULL, NULL, NULL, 1, 0),
(331, '', '200', '90', 450, 1, '', '0000-00-00', '00:00:00', NULL, '00:00:00', '00:00:00.000000', '00:00:00', '', NULL, '00:00:00', NULL, NULL, NULL, 1, 0),
(332, '', '150', '60', 450, 1, '', '0000-00-00', '00:00:00', NULL, '00:00:00', '00:00:00.000000', '00:00:00', '', NULL, '00:00:00', NULL, NULL, NULL, 1, 0),
(333, '', '300', '300', 450, 1, '', '0000-00-00', '00:00:00', NULL, '00:00:00', '00:00:00.000000', '00:00:00', '', NULL, '00:00:00', NULL, NULL, NULL, 1, 0),
(334, '', '300', '300', 450, 1, '', '0000-00-00', '00:00:00', NULL, '00:00:00', '00:00:00.000000', '00:00:00', '', NULL, '00:00:00', NULL, NULL, NULL, 1, 0),
(335, '', '250', '300', 450, 1, '', '0000-00-00', '00:00:00', NULL, '00:00:00', '00:00:00.000000', '00:00:00', '', NULL, '00:00:00', NULL, NULL, NULL, 1, 0),
(336, '', '250', '300', 450, 1, '', '0000-00-00', '00:00:00', NULL, '00:00:00', '00:00:00.000000', '00:00:00', '', NULL, '00:00:00', NULL, NULL, NULL, 1, 0),
(337, '', '300', '300', 450, 1, '', '0000-00-00', '00:00:00', NULL, '00:00:00', '00:00:00.000000', '00:00:00', '', NULL, '00:00:00', NULL, NULL, NULL, 1, 0),
(338, '', '200', '300', 450, 1, '', '0000-00-00', '00:00:00', NULL, '00:00:00', '00:00:00.000000', '00:00:00', '', NULL, '00:00:00', NULL, NULL, NULL, 1, 0),
(339, '', '200', '300', 450, 1, '', '0000-00-00', '00:00:00', NULL, '00:00:00', '00:00:00.000000', '00:00:00', '', NULL, '00:00:00', NULL, NULL, NULL, 1, 0),
(340, '', '250', '120', 450, 1, '', '0000-00-00', '00:00:00', NULL, '00:00:00', '00:00:00.000000', '00:00:00', '', NULL, '00:00:00', NULL, NULL, NULL, 1, 0),
(341, '', '250', '300', 450, 1, '', '0000-00-00', '00:00:00', NULL, '00:00:00', '00:00:00.000000', '00:00:00', '', NULL, '00:00:00', NULL, NULL, NULL, 1, 0),
(342, '', '250', '300', 450, 1, '', '0000-00-00', '00:00:00', NULL, '00:00:00', '00:00:00.000000', '00:00:00', '', NULL, '00:00:00', NULL, NULL, NULL, 1, 0),
(343, '', '300', '300', 450, 1, '', '0000-00-00', '00:00:00', NULL, '00:00:00', '00:00:00.000000', '00:00:00', '', NULL, '00:00:00', NULL, NULL, NULL, 1, 0),
(344, '', '300', '300', 450, 1, '', '0000-00-00', '00:00:00', NULL, '00:00:00', '00:00:00.000000', '00:00:00', '', NULL, '00:00:00', NULL, NULL, NULL, 1, 0),
(345, '', '200', '300', 450, 1, '', '0000-00-00', '00:00:00', NULL, '00:00:00', '00:00:00.000000', '00:00:00', '', NULL, '00:00:00', NULL, NULL, NULL, 1, 0),
(346, '', '300', '120', 450, 1, '', '0000-00-00', '00:00:00', NULL, '00:00:00', '00:00:00.000000', '00:00:00', '', NULL, '00:00:00', NULL, NULL, NULL, 1, 0),
(347, '', '250', '300', 450, 1, '', '0000-00-00', '00:00:00', NULL, '00:00:00', '00:00:00.000000', '00:00:00', '', NULL, '00:00:00', NULL, NULL, NULL, 1, 0),
(348, '', '200', '300', 450, 1, '', '0000-00-00', '00:00:00', NULL, '00:00:00', '00:00:00.000000', '00:00:00', '', NULL, '00:00:00', NULL, NULL, NULL, 1, 0),
(349, '', '150', '120', 450, 1, '', '0000-00-00', '00:00:00', NULL, '00:00:00', '00:00:00.000000', '00:00:00', '', NULL, '00:00:00', NULL, NULL, NULL, 1, 0),
(350, '', '250', '300', 450, 1, '', '0000-00-00', '00:00:00', NULL, '00:00:00', '00:00:00.000000', '00:00:00', '', NULL, '00:00:00', NULL, NULL, NULL, 1, 0),
(351, '', '150', '300', 450, 1, '', '0000-00-00', '00:00:00', NULL, '00:00:00', '00:00:00.000000', '00:00:00', '', NULL, '00:00:00', NULL, NULL, NULL, 1, 0),
(352, '', '200', '300', 450, 1, '', '0000-00-00', '00:00:00', NULL, '00:00:00', '00:00:00.000000', '00:00:00', '', NULL, '00:00:00', NULL, NULL, NULL, 1, 0),
(353, '', '200', '120', 450, 1, '', '0000-00-00', '00:00:00', NULL, '00:00:00', '00:00:00.000000', '00:00:00', '', NULL, '00:00:00', NULL, NULL, NULL, 1, 0),
(354, '', '300', '90', 450, 1, '', '0000-00-00', '00:00:00', NULL, '00:00:00', '00:00:00.000000', '00:00:00', '', NULL, '00:00:00', NULL, NULL, NULL, 1, 0),
(355, '', '250', '40', 450, 1, '', '0000-00-00', '00:00:00', NULL, '00:00:00', '00:00:00.000000', '00:00:00', '', NULL, '00:00:00', NULL, NULL, NULL, 1, 0),
(356, '', '100', '40', 450, 1, '', '0000-00-00', '00:00:00', NULL, '00:00:00', '00:00:00.000000', '00:00:00', '', NULL, '00:00:00', NULL, NULL, NULL, 1, 0),
(357, '', '250', '300', 450, 1, '', '0000-00-00', '00:00:00', NULL, '00:00:00', '00:00:00.000000', '00:00:00', '', NULL, '00:00:00', NULL, NULL, NULL, 1, 0),
(358, '', '150', '300', 450, 1, '', '0000-00-00', '00:00:00', NULL, '00:00:00', '00:00:00.000000', '00:00:00', '', NULL, '00:00:00', NULL, NULL, NULL, 1, 0),
(359, '', '150', '90', 450, 1, '', '0000-00-00', '00:00:00', NULL, '00:00:00', '00:00:00.000000', '00:00:00', '', NULL, '00:00:00', NULL, NULL, NULL, 1, 0),
(360, '', '150', '60', 450, 1, '', '0000-00-00', '00:00:00', NULL, '00:00:00', '00:00:00.000000', '00:00:00', '', NULL, '00:00:00', NULL, NULL, NULL, 1, 0),
(361, '', '200', '90', 450, 1, '', '0000-00-00', '00:00:00', NULL, '00:00:00', '00:00:00.000000', '00:00:00', '', NULL, '00:00:00', NULL, NULL, NULL, 1, 0),
(362, '', '200', '90', 450, 1, '', '0000-00-00', '00:00:00', NULL, '00:00:00', '00:00:00.000000', '00:00:00', '', NULL, '00:00:00', NULL, NULL, NULL, 1, 0),
(363, '', '200', '60', 450, 1, '', '0000-00-00', '00:00:00', NULL, '00:00:00', '00:00:00.000000', '00:00:00', '', NULL, '00:00:00', NULL, NULL, NULL, 1, 0),
(364, '', '200', '90', 450, 1, '', '0000-00-00', '00:00:00', NULL, '00:00:00', '00:00:00.000000', '00:00:00', '', NULL, '00:00:00', NULL, NULL, NULL, 1, 0),
(365, '', '200', '90', 450, 1, '', '0000-00-00', '00:00:00', NULL, '00:00:00', '00:00:00.000000', '00:00:00', '', NULL, '00:00:00', NULL, NULL, NULL, 1, 0),
(366, '', '200', '90', 450, 1, '', '0000-00-00', '00:00:00', NULL, '00:00:00', '00:00:00.000000', '00:00:00', '', NULL, '00:00:00', NULL, NULL, NULL, 1, 0),
(367, '', '200', '90', 450, 1, '', '0000-00-00', '00:00:00', NULL, '00:00:00', '00:00:00.000000', '00:00:00', '', NULL, '00:00:00', NULL, NULL, NULL, 1, 0),
(368, '', '150', '120', 450, 1, '', '0000-00-00', '00:00:00', NULL, '00:00:00', '00:00:00.000000', '00:00:00', '', NULL, '00:00:00', NULL, NULL, NULL, 1, 0),
(369, '', '150', '120', 450, 1, '', '0000-00-00', '00:00:00', NULL, '00:00:00', '00:00:00.000000', '00:00:00', '', NULL, '00:00:00', NULL, NULL, NULL, 1, 0),
(370, '', '150', '120', 450, 1, '', '0000-00-00', '00:00:00', NULL, '00:00:00', '00:00:00.000000', '00:00:00', '', NULL, '00:00:00', NULL, NULL, NULL, 1, 0),
(371, '', '150', '90', 450, 1, '', '0000-00-00', '00:00:00', NULL, '00:00:00', '00:00:00.000000', '00:00:00', '', NULL, '00:00:00', NULL, NULL, NULL, 1, 0),
(372, '', '150', '60', 450, 1, '', '0000-00-00', '00:00:00', NULL, '00:00:00', '00:00:00.000000', '00:00:00', '', NULL, '00:00:00', NULL, NULL, NULL, 1, 0),
(373, '', '150', '120', 450, 1, '', '0000-00-00', '00:00:00', NULL, '00:00:00', '00:00:00.000000', '00:00:00', '', NULL, '00:00:00', NULL, NULL, NULL, 1, 0),
(374, '', '100', '120', 450, 1, '', '0000-00-00', '00:00:00', NULL, '00:00:00', '00:00:00.000000', '00:00:00', '', NULL, '00:00:00', NULL, NULL, NULL, 1, 0),
(375, '', '150', '300', 450, 1, '', '0000-00-00', '00:00:00', NULL, '00:00:00', '00:00:00.000000', '00:00:00', '', NULL, '00:00:00', NULL, NULL, NULL, 1, 0),
(376, '', '100', '40', 450, 1, '', '0000-00-00', '00:00:00', NULL, '00:00:00', '00:00:00.000000', '00:00:00', '', NULL, '00:00:00', NULL, NULL, NULL, 1, 0),
(377, '', '150', '90', 450, 1, '', '0000-00-00', '00:00:00', NULL, '00:00:00', '00:00:00.000000', '00:00:00', '', NULL, '00:00:00', NULL, NULL, NULL, 1, 0),
(378, '', '150', '90', 450, 1, '', '0000-00-00', '00:00:00', NULL, '00:00:00', '00:00:00.000000', '00:00:00', '', NULL, '00:00:00', NULL, NULL, NULL, 1, 0),
(379, '', '300', '300', 450, 1, '', '0000-00-00', '00:00:00', NULL, '00:00:00', '00:00:00.000000', '00:00:00', '', NULL, '00:00:00', NULL, NULL, NULL, 1, 0),
(380, '', '100', '120', 450, 1, '', '0000-00-00', '00:00:00', NULL, '00:00:00', '00:00:00.000000', '00:00:00', '', NULL, '00:00:00', NULL, NULL, NULL, 1, 0),
(381, '', '150', '120', 450, 1, '', '0000-00-00', '00:00:00', NULL, '00:00:00', '00:00:00.000000', '00:00:00', '', NULL, '00:00:00', NULL, NULL, NULL, 1, 0),
(382, '', '150', '90', 450, 1, '', '0000-00-00', '00:00:00', NULL, '00:00:00', '00:00:00.000000', '00:00:00', '', NULL, '00:00:00', NULL, NULL, NULL, 1, 0),
(383, '', '100', '40', 450, 1, '', '0000-00-00', '00:00:00', NULL, '00:00:00', '00:00:00.000000', '00:00:00', '', NULL, '00:00:00', NULL, NULL, NULL, 1, 0),
(384, '', '150', '60', 450, 1, '', '0000-00-00', '00:00:00', NULL, '00:00:00', '00:00:00.000000', '00:00:00', '', NULL, '00:00:00', NULL, NULL, NULL, 1, 0),
(385, '', '250', '120', 450, 1, '', '0000-00-00', '00:00:00', NULL, '00:00:00', '00:00:00.000000', '00:00:00', '', NULL, '00:00:00', NULL, NULL, NULL, 1, 0),
(386, '', '150', '120', 450, 1, '', '0000-00-00', '00:00:00', NULL, '00:00:00', '00:00:00.000000', '00:00:00', '', NULL, '00:00:00', NULL, NULL, NULL, 1, 0),
(387, '', '150', '60', 450, 1, '', '0000-00-00', '00:00:00', NULL, '00:00:00', '00:00:00.000000', '00:00:00', '', NULL, '00:00:00', NULL, NULL, NULL, 1, 0),
(388, '', '250', '120', 450, 1, '', '0000-00-00', '00:00:00', NULL, '00:00:00', '00:00:00.000000', '00:00:00', '', NULL, '00:00:00', NULL, NULL, NULL, 1, 0),
(389, '', '200', '120', 450, 1, '', '0000-00-00', '00:00:00', NULL, '00:00:00', '00:00:00.000000', '00:00:00', '', NULL, '00:00:00', NULL, NULL, NULL, 1, 0),
(390, '', '100', '40', 450, 1, '', '0000-00-00', '00:00:00', NULL, '00:00:00', '00:00:00.000000', '00:00:00', '', NULL, '00:00:00', NULL, NULL, NULL, 1, 0),
(391, '', '200', '120', 450, 1, '', '0000-00-00', '00:00:00', NULL, '00:00:00', '00:00:00.000000', '00:00:00', '', NULL, '00:00:00', NULL, NULL, NULL, 1, 0),
(392, '', '200', '120', 450, 1, '', '0000-00-00', '00:00:00', NULL, '00:00:00', '00:00:00.000000', '00:00:00', '', NULL, '00:00:00', NULL, NULL, NULL, 1, 0),
(393, '', '250', '300', 450, 1, '', '0000-00-00', '00:00:00', NULL, '00:00:00', '00:00:00.000000', '00:00:00', '', NULL, '00:00:00', NULL, NULL, NULL, 1, 0),
(394, '', '250', '300', 450, 1, '', '0000-00-00', '00:00:00', NULL, '00:00:00', '00:00:00.000000', '00:00:00', '', NULL, '00:00:00', NULL, NULL, NULL, 1, 0),
(395, '', '200', '120', 450, 1, '', '0000-00-00', '00:00:00', NULL, '00:00:00', '00:00:00.000000', '00:00:00', '', NULL, '00:00:00', NULL, NULL, NULL, 1, 0),
(396, '', '200', '120', 450, 1, '', '0000-00-00', '00:00:00', NULL, '00:00:00', '00:00:00.000000', '00:00:00', '', NULL, '00:00:00', NULL, NULL, NULL, 1, 0),
(397, '', '100', '90', 450, 1, '', '0000-00-00', '00:00:00', NULL, '00:00:00', '00:00:00.000000', '00:00:00', '', NULL, '00:00:00', NULL, NULL, NULL, 1, 0),
(398, '', '150', '120', 450, 1, '', '0000-00-00', '00:00:00', NULL, '00:00:00', '00:00:00.000000', '00:00:00', '', NULL, '00:00:00', NULL, NULL, NULL, 1, 0),
(399, '', '200', '300', 450, 1, '', '0000-00-00', '00:00:00', NULL, '00:00:00', '00:00:00.000000', '00:00:00', '', NULL, '00:00:00', NULL, NULL, NULL, 1, 0),
(400, '', '150', '120', 450, 1, '', '0000-00-00', '00:00:00', NULL, '00:00:00', '00:00:00.000000', '00:00:00', '', NULL, '00:00:00', NULL, NULL, NULL, 1, 0),
(401, '', '200', '120', 450, 1, '', '0000-00-00', '00:00:00', NULL, '00:00:00', '00:00:00.000000', '00:00:00', '', NULL, '00:00:00', NULL, NULL, NULL, 1, 0),
(402, '', '200', '300', 450, 1, '', '0000-00-00', '00:00:00', NULL, '00:00:00', '00:00:00.000000', '00:00:00', '', NULL, '00:00:00', NULL, NULL, NULL, 1, 0),
(403, '', '200', '300', 450, 1, '', '0000-00-00', '00:00:00', NULL, '00:00:00', '00:00:00.000000', '00:00:00', '', NULL, '00:00:00', NULL, NULL, NULL, 1, 0),
(404, '', '200', '120', 450, 4, '', '0000-00-00', '00:00:00', NULL, '00:00:00', '00:00:00.000000', '00:00:00', '', NULL, '00:00:00', NULL, NULL, NULL, 1, 0),
(405, '', '200', '120', 450, 1, '', '0000-00-00', '00:00:00', NULL, '00:00:00', '00:00:00.000000', '00:00:00', '', NULL, '00:00:00', NULL, NULL, NULL, 1, 0),
(406, '', '200', '120', 450, 1, '', '0000-00-00', '00:00:00', NULL, '00:00:00', '00:00:00.000000', '00:00:00', '', NULL, '00:00:00', NULL, NULL, NULL, 1, 0),
(407, '', '150', '120', 450, 4, '', '0000-00-00', '00:00:00', NULL, '00:00:00', '00:00:00.000000', '00:00:00', '', NULL, '00:00:00', NULL, NULL, NULL, 1, 0),
(408, '', '200', '70', 450, 1, '', '0000-00-00', '00:00:00', '05:45:19', '00:00:00', '00:00:00.000000', '00:00:00', '', NULL, '00:00:00', NULL, NULL, NULL, 2, 0),
(409, '', '300', '90', 450, 1, '', '0000-00-00', '00:00:00', '05:46:01', '00:00:00', '00:00:00.000000', '00:00:00', '', NULL, '00:00:00', NULL, NULL, NULL, 2, 0),
(410, '', '250', '90', 450, 1, '', '0000-00-00', '00:00:00', '05:47:30', '00:00:00', '00:00:00.000000', '00:00:00', '', NULL, '00:00:00', NULL, NULL, NULL, 2, 0),
(411, '', '200', '120', 450, 1, '', '0000-00-00', '00:00:00', NULL, '00:00:00', '00:00:00.000000', '00:00:00', '', NULL, '00:00:00', NULL, NULL, NULL, 1, 0),
(412, '', '100', '40', 450, 1, '', '0000-00-00', '00:00:00', NULL, '00:00:00', '00:00:00.000000', '00:00:00', '', NULL, '00:00:00', NULL, NULL, NULL, 1, 0),
(413, '', '200', '90', 450, 1, '', '0000-00-00', '00:00:00', NULL, '00:00:00', '00:00:00.000000', '00:00:00', '', NULL, '00:00:00', NULL, NULL, NULL, 1, 0),
(414, '', '250', '120', 450, 1, '', '0000-00-00', '00:00:00', NULL, '00:00:00', '00:00:00.000000', '00:00:00', '', NULL, '00:00:00', NULL, NULL, NULL, 1, 0),
(415, '', '100', '40', 450, 1, '', '0000-00-00', '00:00:00', NULL, '00:00:00', '00:00:00.000000', '00:00:00', '', NULL, '00:00:00', NULL, NULL, NULL, 1, 0),
(416, '', '200', '120', 450, 2, '', '0000-00-00', '00:00:00', '10:04:23', '10:24:23', '00:00:00.000000', '00:00:00', '', NULL, '00:00:00', NULL, NULL, NULL, 1, 0),
(417, '', '', '70', 450, 3, '', '0000-00-00', '00:00:00', '07:52:32', '00:00:00', '00:00:00.000000', '00:00:00', '', 3, '00:00:00', NULL, NULL, NULL, 2, 0),
(418, '', '', '70', 450, 3, '', '0000-00-00', '00:00:00', '07:54:55', '00:00:00', '00:00:00.000000', '00:00:00', '', 4, '00:00:00', NULL, NULL, NULL, 2, 0),
(419, '', '250', '300', 450, 1, '', '0000-00-00', '00:00:00', NULL, '00:00:00', '00:00:00.000000', '00:00:00', '', NULL, '00:00:00', NULL, NULL, NULL, 1, 0),
(420, '', '150', '120', 450, 1, '', '0000-00-00', '00:00:00', NULL, '00:00:00', '00:00:00.000000', '00:00:00', '', NULL, '00:00:00', NULL, NULL, NULL, 1, 0),
(421, '', '150', '300', 450, 1, '', '0000-00-00', '00:00:00', NULL, '00:00:00', '00:00:00.000000', '00:00:00', '', NULL, '00:00:00', NULL, NULL, NULL, 1, 0),
(422, '', '250', '300', 450, 1, '', '0000-00-00', '00:00:00', NULL, '00:00:00', '00:00:00.000000', '00:00:00', '', NULL, '00:00:00', NULL, NULL, NULL, 1, 0),
(423, '', '250', '300', 450, 1, '', '0000-00-00', '00:00:00', NULL, '00:00:00', '00:00:00.000000', '00:00:00', '', NULL, '00:00:00', NULL, NULL, NULL, 1, 0),
(424, '', '250', '300', 450, 1, '', '0000-00-00', '00:00:00', NULL, '00:00:00', '00:00:00.000000', '00:00:00', '', NULL, '00:00:00', NULL, NULL, NULL, 1, 0),
(425, '', '250', '300', 450, 1, '', '0000-00-00', '00:00:00', NULL, '00:00:00', '00:00:00.000000', '00:00:00', '', NULL, '00:00:00', NULL, NULL, NULL, 1, 0),
(426, '', '200', '120', 450, 1, '', '0000-00-00', '00:00:00', NULL, '00:00:00', '00:00:00.000000', '00:00:00', '', NULL, '00:00:00', NULL, NULL, NULL, 1, 0),
(427, '', '250', '90', 450, 1, '', '0000-00-00', '00:00:00', NULL, '00:00:00', '00:00:00.000000', '00:00:00', '', NULL, '00:00:00', NULL, NULL, NULL, 1, 0),
(428, '', '250', '300', 450, 1, '', '0000-00-00', '00:00:00', NULL, '00:00:00', '00:00:00.000000', '00:00:00', '', NULL, '00:00:00', NULL, NULL, NULL, 1, 0),
(429, '', '200', '120', 450, 1, '', '0000-00-00', '00:00:00', NULL, '00:00:00', '00:00:00.000000', '00:00:00', '', NULL, '00:00:00', NULL, NULL, NULL, 1, 0),
(430, '', '250', '300', 450, 1, '', '0000-00-00', '00:00:00', NULL, '00:00:00', '00:00:00.000000', '00:00:00', '', NULL, '00:00:00', NULL, NULL, NULL, 1, 0),
(431, '', '250', '300', 450, 1, '', '0000-00-00', '00:00:00', NULL, '00:00:00', '00:00:00.000000', '00:00:00', '', NULL, '00:00:00', NULL, NULL, NULL, 1, 0),
(432, '', '200', '300', 450, 1, '', '0000-00-00', '00:00:00', NULL, '00:00:00', '00:00:00.000000', '00:00:00', '', NULL, '00:00:00', NULL, NULL, NULL, 1, 0),
(433, '', '250', '300', 450, 1, '', '0000-00-00', '00:00:00', NULL, '00:00:00', '00:00:00.000000', '00:00:00', '', NULL, '00:00:00', NULL, NULL, NULL, 1, 0),
(434, '', '200', '300', 450, 1, '', '0000-00-00', '00:00:00', NULL, '00:00:00', '00:00:00.000000', '00:00:00', '', NULL, '00:00:00', NULL, NULL, NULL, 1, 0),
(435, '', '100', '60', 450, 1, '', '0000-00-00', '00:00:00', NULL, '00:00:00', '00:00:00.000000', '00:00:00', '', NULL, '00:00:00', NULL, NULL, NULL, 1, 0),
(436, '', '200', '120', 450, 1, '', '0000-00-00', '00:00:00', NULL, '00:00:00', '00:00:00.000000', '00:00:00', '', NULL, '00:00:00', NULL, NULL, NULL, 1, 0),
(437, '', '250', '90', 450, 1, '', '0000-00-00', '00:00:00', NULL, '00:00:00', '00:00:00.000000', '00:00:00', '', NULL, '00:00:00', NULL, NULL, NULL, 1, 0),
(438, '', '250', '300', 450, 1, '', '0000-00-00', '00:00:00', NULL, '00:00:00', '00:00:00.000000', '00:00:00', '', NULL, '00:00:00', NULL, NULL, NULL, 1, 0),
(439, '', '250', '120', 450, 1, '', '0000-00-00', '00:00:00', NULL, '00:00:00', '00:00:00.000000', '00:00:00', '', NULL, '00:00:00', NULL, NULL, NULL, 1, 0),
(440, '', '250', '300', 450, 1, '', '0000-00-00', '00:00:00', NULL, '00:00:00', '00:00:00.000000', '00:00:00', '', NULL, '00:00:00', NULL, NULL, NULL, 1, 0),
(441, '', '250', '300', 450, 1, '', '0000-00-00', '00:00:00', NULL, '00:00:00', '00:00:00.000000', '00:00:00', '', NULL, '00:00:00', NULL, NULL, NULL, 1, 0),
(442, '', '250', '120', 450, 1, '', '0000-00-00', '00:00:00', NULL, '00:00:00', '00:00:00.000000', '00:00:00', '', NULL, '00:00:00', NULL, NULL, NULL, 1, 0),
(443, '', '200', '300', 450, 1, '', '0000-00-00', '00:00:00', NULL, '00:00:00', '00:00:00.000000', '00:00:00', '', NULL, '00:00:00', NULL, NULL, NULL, 1, 0),
(444, '', '200', '60', 450, 1, '', '0000-00-00', '00:00:00', NULL, '00:00:00', '00:00:00.000000', '00:00:00', '', NULL, '00:00:00', NULL, NULL, NULL, 1, 0),
(445, '', '250', '300', 450, 1, '', '0000-00-00', '00:00:00', NULL, '00:00:00', '00:00:00.000000', '00:00:00', '', NULL, '00:00:00', NULL, NULL, NULL, 1, 0),
(446, '', '250', '300', 450, 1, '', '0000-00-00', '00:00:00', NULL, '00:00:00', '00:00:00.000000', '00:00:00', '', NULL, '00:00:00', NULL, NULL, NULL, 1, 0),
(447, '', '250', '120', 450, 1, '', '0000-00-00', '00:00:00', NULL, '00:00:00', '00:00:00.000000', '00:00:00', '', NULL, '00:00:00', NULL, NULL, NULL, 1, 0),
(448, '', '250', '300', 450, 1, '', '0000-00-00', '00:00:00', NULL, '00:00:00', '00:00:00.000000', '00:00:00', '', NULL, '00:00:00', NULL, NULL, NULL, 1, 0),
(449, '', '300', '300', 450, 1, '', '0000-00-00', '00:00:00', NULL, '00:00:00', '00:00:00.000000', '00:00:00', '', NULL, '00:00:00', NULL, NULL, NULL, 1, 0),
(450, '', '', '', 450, 1, '', '0000-00-00', '00:00:00', '06:35:51', '00:00:00', '00:00:00.000000', '00:00:00', '', NULL, '00:00:00', NULL, NULL, NULL, 2, 0),
(451, '', '', '', 450, 1, '', '0000-00-00', '00:00:00', '06:40:50', '00:00:00', '00:00:00.000000', '00:00:00', '', NULL, '00:00:00', NULL, NULL, NULL, 2, 0),
(452, '', '', '', 450, 1, '', '0000-00-00', '00:00:00', '06:43:17', '00:00:00', '00:00:00.000000', '00:00:00', '', NULL, '00:00:00', NULL, NULL, NULL, 2, 0),
(453, '', '', '', 450, 1, '', '0000-00-00', '00:00:00', '06:45:22', '00:00:00', '00:00:00.000000', '00:00:00', '', NULL, '00:00:00', NULL, NULL, NULL, 2, 0),
(454, '', '', '', 450, 1, '', '0000-00-00', '00:00:00', '06:47:17', '00:00:00', '00:00:00.000000', '00:00:00', '', NULL, '00:00:00', NULL, NULL, NULL, 2, 0),
(455, '', '', '', 450, 1, '', '0000-00-00', '00:00:00', '07:02:05', '00:00:00', '00:00:00.000000', '00:00:00', '', NULL, '00:00:00', NULL, NULL, NULL, 2, 0),
(456, '', '', '', 450, 1, '', '0000-00-00', '00:00:00', '07:03:21', '00:00:00', '00:00:00.000000', '00:00:00', '', NULL, '00:00:00', NULL, NULL, NULL, 2, 0),
(457, '', '', '', 450, 1, '', '0000-00-00', '00:00:00', '07:03:58', '00:00:00', '00:00:00.000000', '00:00:00', '', NULL, '00:00:00', NULL, NULL, NULL, 2, 0),
(458, '', '', '', 450, 1, '', '0000-00-00', '00:00:00', '07:04:50', '00:00:00', '00:00:00.000000', '00:00:00', '', NULL, '00:00:00', NULL, NULL, NULL, 2, 0),
(459, '', '', '', 450, 1, '', '0000-00-00', '00:00:00', '07:05:17', '00:00:00', '00:00:00.000000', '00:00:00', '', NULL, '00:00:00', NULL, NULL, NULL, 2, 0),
(460, '', '', '', 450, 1, '', '0000-00-00', '00:00:00', '07:05:29', '00:00:00', '00:00:00.000000', '00:00:00', '', NULL, '00:00:00', NULL, NULL, NULL, 2, 0),
(461, '', '', '', 450, 1, '', '0000-00-00', '00:00:00', '07:07:30', '00:00:00', '00:00:00.000000', '00:00:00', '', NULL, '00:00:00', NULL, NULL, NULL, 2, 0),
(462, '', '', '', 450, 1, '', '0000-00-00', '00:00:00', '07:08:13', '00:00:00', '00:00:00.000000', '00:00:00', '', NULL, '00:00:00', NULL, NULL, NULL, 2, 0),
(463, '', '', '', 450, 1, '', '0000-00-00', '00:00:00', '07:09:19', '00:00:00', '00:00:00.000000', '00:00:00', '', NULL, '00:00:00', NULL, NULL, NULL, 2, 0),
(464, '', '', '', 450, 1, '', '0000-00-00', '00:00:00', '07:11:08', '00:00:00', '00:00:00.000000', '00:00:00', '', NULL, '00:00:00', NULL, NULL, NULL, 2, 0),
(465, '', '', '', 450, 1, '', '0000-00-00', '00:00:00', '07:13:26', '00:00:00', '00:00:00.000000', '00:00:00', '', NULL, '00:00:00', NULL, NULL, NULL, 2, 0),
(466, '', '', '', 450, 1, '', '0000-00-00', '00:00:00', '07:19:22', '00:00:00', '00:00:00.000000', '00:00:00', '', NULL, '00:00:00', NULL, NULL, NULL, 2, 0),
(467, '', '', '', 450, 1, '', '0000-00-00', '00:00:00', '07:22:41', '00:00:00', '00:00:00.000000', '00:00:00', '', NULL, '00:00:00', NULL, NULL, NULL, 2, 0),
(468, '', '', '', 450, 1, '', '0000-00-00', '00:00:00', '07:25:19', '00:00:00', '00:00:00.000000', '00:00:00', '', NULL, '00:00:00', NULL, NULL, NULL, 2, 0),
(469, '', '', '', 450, 1, '', '0000-00-00', '00:00:00', '07:26:02', '00:00:00', '00:00:00.000000', '00:00:00', '', NULL, '00:00:00', NULL, NULL, NULL, 2, 0),
(470, '', '250', '300', 450, 4, '', '0000-00-00', '00:00:00', NULL, '00:00:00', '00:00:00.000000', '00:00:00', '', NULL, '00:00:00', NULL, NULL, NULL, 1, 1),
(471, '', '200', '90', 450, 1, '', '0000-00-00', '00:00:00', NULL, '00:00:00', '00:00:00.000000', '00:00:00', '', NULL, '00:00:00', NULL, NULL, NULL, 1, 0),
(472, '', '250', '90', 450, 1, '', '0000-00-00', '00:00:00', '12:54:45', '00:00:00', '00:00:00.000000', '00:00:00', '', NULL, '00:00:00', NULL, NULL, NULL, 2, 0),
(473, '', '200', '60', 467, 1, '', '0000-00-00', '00:00:00', '01:02:53', '00:00:00', '00:00:00.000000', '00:00:00', '', NULL, '00:00:00', NULL, NULL, NULL, 2, 0),
(474, '', '200', '60', 467, 1, '', '0000-00-00', '00:00:00', '01:04:40', '00:00:00', '00:00:00.000000', '00:00:00', '', NULL, '00:00:00', NULL, NULL, NULL, 2, 0),
(475, 'yrgrg', '100', '30', 450, 1, '', '0000-00-00', '00:00:00', '01:05:48', '00:00:00', '00:00:00.000000', '00:00:00', '', NULL, '00:00:00', NULL, NULL, NULL, 2, 0),
(476, 'yrgrg', '100', '30', 450, 1, '', '0000-00-00', '00:00:00', '01:07:55', '00:00:00', '00:00:00.000000', '00:00:00', '', NULL, '00:00:00', NULL, NULL, NULL, 2, 0),
(477, 'Pizza', '100', '30', 450, 1, '', '0000-00-00', '00:00:00', '01:31:05', '00:00:00', '00:00:00.000000', '00:00:00', '', NULL, '00:00:00', NULL, NULL, NULL, 2, 1),
(478, 'Pizza', '100', '30', 450, 8, '', '0000-00-00', '00:00:00', '01:41:32', '00:00:00', '00:00:00.000000', '00:00:00', '', NULL, '00:00:00', '10:10:00', NULL, '10:10:00', 2, 1),
(479, 'Pizza', '100', '30', 467, 1, '', '0000-00-00', '00:00:00', '02:48:04', '00:00:00', '00:00:00.000000', '00:00:00', '', NULL, '00:00:00', NULL, NULL, NULL, 2, 1),
(480, 'Pizza', '100', '30', 467, 1, '', '0000-00-00', '00:00:00', '02:49:55', '00:00:00', '00:00:00.000000', '00:00:00', '', NULL, '00:00:00', NULL, NULL, NULL, 2, 1),
(481, 'Pizza', '100', '30', 467, 1, '', '0000-00-00', '00:00:00', '02:50:22', '00:00:00', '00:00:00.000000', '00:00:00', '', NULL, '00:00:00', NULL, NULL, NULL, 2, 1),
(482, 'Pizza', '100', '30', 467, 1, '', '0000-00-00', '00:00:00', '02:53:59', '00:00:00', '00:00:00.000000', '00:00:00', '', NULL, '00:00:00', NULL, NULL, NULL, 2, 1),
(483, 'sdfsdf', '100', '40', 468, 2, '', '0000-00-00', '00:00:00', '10:52:00', '00:00:00', '00:00:00.000000', '00:00:00', '', NULL, '00:00:00', '10:28:00', NULL, '10:11:00', 1, 1),
(486, 'no details', '100', '40', 450, 1, '', '2017-09-26', '11:12:33', NULL, '00:00:00', '00:00:00.000000', '00:00:00', '', NULL, '00:00:00', NULL, NULL, NULL, 1, 0),
(487, '', '100', '30', 467, 1, '', '2017-09-26', '11:13:47', '11:13:47', '00:00:00', '00:00:00.000000', '00:00:00', '', NULL, '00:00:00', NULL, NULL, NULL, 2, 0),
(488, '', '100', '30', 467, 2, '', '2017-09-26', '00:00:00', '10:02:31', '10:22:31', '00:00:00.000000', '00:00:00', '', 3, '12:05:00', '11:58:00', NULL, '11:58:00', 2, 0),
(489, '', '', '', 467, 2, '', '2017-09-27', '00:00:00', '02:33:05', '00:00:00', '00:00:00.000000', '00:00:00', '', NULL, '00:00:00', NULL, NULL, NULL, 2, 0),
(490, 'bring me', '100', '30', 467, 2, '', '2017-09-27', '00:00:00', '02:34:05', '00:00:00', '00:00:00.000000', '00:00:00', '', NULL, '00:00:00', NULL, NULL, NULL, 2, 0),
(491, 'bring me', '100', '30', 467, 2, '', '2017-09-27', '02:47:12', '12:26:17', '12:36:17', '00:00:00.000000', '00:00:00', '', 0, '00:00:00', NULL, NULL, NULL, 2, 0),
(492, 'here some details ...', '100', '30', 467, 2, '', '2017-09-27', '02:49:08', '12:25:57', '12:35:57', '00:00:00.000000', '00:00:00', '', 0, '04:42:00', '04:04:00', NULL, '03:59:00', 2, 0),
(493, '', '100', '40', 450, 2, '', '2017-09-27', '08:06:14', '10:03:47', '10:13:47', '00:00:00.000000', '00:00:00', '', NULL, '00:00:00', NULL, NULL, NULL, 1, 0),
(494, '', '100', '40', 450, 3, '', '2017-09-27', '00:00:00', '05:32:06', '05:38:06', '00:00:00.000000', '00:00:00', '', 3, '05:20:00', '05:21:00', NULL, '05:21:00', 1, 0),
(495, 'no details for this order', '100', '40', 450, 2, '', '2017-09-29', '10:05:42', '04:52:35', '04:56:35', '00:00:00.000000', '00:00:00', '', NULL, '00:00:00', NULL, NULL, NULL, 1, 0),
(496, '', '100', '40', 453, 2, '', '2017-10-03', '10:15:00', '12:55:00', '01:06:00', '13:06:00.000000', '00:00:00', '', NULL, '00:00:00', NULL, NULL, NULL, 1, 0),
(497, 'no details', '100', '40', 450, 1, '', '2017-10-06', '03:08:24', NULL, '00:00:00', '00:00:00.000000', '00:00:00', '', NULL, '00:00:00', NULL, NULL, NULL, 1, 0),
(498, 'no details', '100', '40', 450, 2, '', '2017-10-06', '03:09:07', '03:09:30', '03:19:30', '15:19:30.000000', '00:00:00', '', NULL, '00:00:00', NULL, NULL, NULL, 1, 0),
(499, 'some details must be here', '100', '40', 450, 1, '', '2017-10-06', '10:42:59', NULL, '00:00:00', '00:00:00.000000', '00:00:00', '', NULL, '00:00:00', NULL, NULL, NULL, 1, 0),
(500, '', '100', '40', 470, 1, '', '2017-10-07', '04:16:35', NULL, '00:00:00', '00:00:00.000000', '00:00:00', '', NULL, '00:00:00', NULL, NULL, NULL, 1, 1),
(501, '', '100', '40', 470, 1, '', '2017-10-07', '04:19:12', NULL, '00:00:00', '00:00:00.000000', '00:00:00', '', NULL, '00:00:00', NULL, NULL, NULL, 1, 1),
(502, '', '100', '40', 470, 1, '', '2017-10-07', '04:19:44', NULL, '00:00:00', '00:00:00.000000', '00:00:00', '', NULL, '00:00:00', NULL, NULL, NULL, 1, 1),
(503, '', '100', '40', 470, 1, '', '2017-10-07', '04:20:13', NULL, '00:00:00', '00:00:00.000000', '00:00:00', '', NULL, '00:00:00', NULL, NULL, NULL, 1, 1),
(504, '', '100', '40', 470, 1, '', '2017-10-07', '04:23:25', NULL, '00:00:00', '00:00:00.000000', '00:00:00', '', NULL, '00:00:00', NULL, NULL, NULL, 1, 1),
(505, '', '100', '40', 470, 1, '', '2017-10-07', '04:25:20', NULL, '00:00:00', '00:00:00.000000', '00:00:00', '', NULL, '00:00:00', NULL, NULL, NULL, 1, 1),
(506, '', '100', '40', 470, 2, '', '2017-10-07', '04:27:16', '04:29:07', '04:39:07', '16:39:07.000000', '00:00:00', '', NULL, '00:00:00', NULL, NULL, NULL, 1, 1),
(507, '', '100', '40', 450, 1, '', '2017-10-09', '09:37:01', NULL, '00:00:00', '00:00:00.000000', '00:00:00', '', NULL, '00:00:00', NULL, NULL, NULL, 1, 0),
(508, '', '100', '30', 467, 2, '', '2017-10-09', '09:37:51', '00:00:00', '00:00:00', '00:00:00.000000', '00:00:00', '', NULL, '00:00:00', NULL, NULL, NULL, 2, 0),
(509, '', '100', '30', 450, 2, '', '2017-10-09', '09:41:16', '10:43:51', '10:48:51', '10:48:51.000000', '00:00:00', '', 4, '00:00:00', NULL, NULL, NULL, 2, 0),
(510, 'hayatabad phase 1 sector D1\r\nhayatabad phase 7 sector E4', '100', '30', 467, 4, '', '2017-10-18', '10:23:18', '00:00:00', '00:00:00', '00:00:00.000000', '00:00:00', '', 4, '00:00:00', NULL, NULL, '09:47:00', 2, 0),
(511, '', '100', '40', 471, 7, '', '2017-10-18', '12:43:57', '08:07:53', '08:29:53', '20:29:53.000000', '00:00:00', '', 3, '12:50:00', '11:58:00', NULL, '09:49:00', 1, 0);

-- --------------------------------------------------------

--
-- Table structure for table `order_addresses`
--

CREATE TABLE IF NOT EXISTS `order_addresses` (
  `order_addr_id` int(11) NOT NULL AUTO_INCREMENT,
  `custom_addr` varchar(255) NOT NULL,
  `order_address_id` int(10) NOT NULL,
  `o_id` int(10) NOT NULL,
  `number` varchar(100) NOT NULL,
  `nameopt` varchar(100) NOT NULL,
  `commentopt` varchar(100) NOT NULL,
  `from` varchar(10) NOT NULL DEFAULT '0',
  `billing` tinyint(2) NOT NULL DEFAULT '0',
  `to` varchar(10) NOT NULL DEFAULT '0',
  PRIMARY KEY (`order_addr_id`)
) ENGINE=InnoDB  DEFAULT CHARSET=latin1 AUTO_INCREMENT=356 ;

--
-- Dumping data for table `order_addresses`
--

INSERT INTO `order_addresses` (`order_addr_id`, `custom_addr`, `order_address_id`, `o_id`, `number`, `nameopt`, `commentopt`, `from`, `billing`, `to`) VALUES
(1, 'Opposite Govt School for Boys', 265, 1, '', '', '', '0', 0, '0'),
(2, '', 265, 2, '03085451369', 'Navid Khan', '', '1', 1, '0'),
(3, '', 307, 2, '03085451369', 'Navid Khan', '', '0', 0, '1'),
(4, '', 0, 3, '', '', '', '0', 0, '0'),
(5, '', 241, 4, '', '', '', '0', 0, '0'),
(6, '', 0, 5, '', '', '', '0', 0, '0'),
(7, '', 241, 6, '', '', '', '0', 0, '0'),
(8, '', 0, 7, '', '', '', '0', 0, '0'),
(9, '', 0, 8, '', '', '', '0', 0, '0'),
(10, '', 0, 9, '', '', '', '0', 0, '0'),
(11, '', 240, 10, '', '', '', '0', 0, '0'),
(12, '', 0, 11, '', '', '', '0', 0, '0'),
(13, '', 0, 12, '', '', '', '0', 0, '0'),
(14, '', 0, 13, '', '', '', '0', 0, '0'),
(15, '', 0, 14, '', '', '', '0', 0, '0'),
(16, '', 0, 15, '', '', '', '0', 0, '0'),
(17, '', 0, 16, '', '', '', '0', 0, '0'),
(18, '', 0, 17, '', '', '', '0', 0, '0'),
(19, '', 0, 18, '', '', '', '0', 0, '0'),
(20, '', 0, 19, '', '', '', '0', 0, '0'),
(21, '', 0, 20, '', '', '', '0', 0, '0'),
(22, '', 0, 29, '', '', '', '0', 0, '0'),
(23, '', 0, 32, '', '', '', '0', 0, '0'),
(24, '', 0, 35, '', '', '', '0', 0, '0'),
(25, '', 0, 41, '', '', '', '0', 0, '0'),
(26, '', 0, 42, '', '', '', '0', 0, '0'),
(27, '', 0, 67, '', '', '', '0', 0, '0'),
(28, '', 0, 68, '', '', '', '0', 0, '0'),
(29, '', 0, 69, '', '', '', '0', 0, '0'),
(30, '', 0, 70, '', '', '', '0', 0, '0'),
(31, '', 0, 80, '', '', '', '0', 0, '0'),
(32, '', 0, 81, '', '', '', '0', 0, '0'),
(33, '', 0, 82, '', '', '', '0', 0, '0'),
(34, '', 0, 84, '', '', '', '0', 0, '0'),
(35, '', 0, 87, '', '', '', '0', 0, '0'),
(36, '', 0, 88, '', '', '', '0', 0, '0'),
(37, '', 0, 90, '', '', '', '0', 0, '0'),
(52, '', 321, 131, '00987654321', 'no name 2', 'no comment 2', '1', 1, '0'),
(53, '', 175, 131, '00987654321', 'no name 2', 'no comment 2', '0', 0, '1'),
(54, '', 185, 132, '00987654321', 'no name', 'no comments', '1', 1, '0'),
(55, '', 190, 132, '00987654321', 'no name', 'no comments', '0', 0, '1'),
(56, '', 185, 133, '00987654321', 'no name', 'no comments', '0', 1, '1'),
(57, '', 240, 134, '00987654321', 'unknown', 'no comments for unknown', '1', 1, '0'),
(58, '', 305, 134, '00987654321', 'unknown', 'no comments for unknown', '0', 0, '1'),
(59, '', 242, 137, 'jjjjj', 'jjjjj', 'jjjjj', '1', 1, '0'),
(60, '', 240, 138, '00987654321', 'zeshan khan', 'no comments for zeshan khan', '0', 0, '1'),
(61, 'house no 2', 240, 148, '', '', '', '0', 0, '0'),
(62, '', 185, 150, '', '', '', '0', 0, '0'),
(63, '', 0, 151, '', '', '', '0', 0, '0'),
(64, '', 347, 152, '', '', '', '0', 0, '0'),
(65, '', 0, 153, '', '', '', '0', 0, '0'),
(66, '', 367, 154, '', '', '', '0', 0, '0'),
(67, '', 0, 155, '', '', '', '0', 0, '0'),
(68, '', 0, 156, '', '', '', '0', 0, '0'),
(69, '', 0, 157, '', '', '', '0', 0, '0'),
(70, '', 0, 158, '', '', '', '0', 0, '0'),
(71, '', 0, 159, '', '', '', '0', 0, '0'),
(72, '', 0, 160, '', '', '', '0', 0, '0'),
(73, '', 240, 161, '', '', '', '0', 0, '0'),
(74, '', 0, 162, '', '', '', '0', 0, '0'),
(75, '', 0, 163, '', '', '', '0', 0, '0'),
(76, '', 0, 164, '', '', '', '0', 0, '0'),
(77, '', 347, 165, '', '', '', '0', 0, '0'),
(78, '', 240, 166, '', '', '', '0', 0, '0'),
(79, '', 240, 167, '', '', '', '0', 0, '0'),
(80, '', 240, 168, '', '', '', '0', 0, '0'),
(81, '', 347, 176, '', '', '', '0', 0, '0'),
(82, '', 347, 177, '', '', '', '0', 0, '0'),
(83, '', 0, 178, '', '', '', '0', 0, '0'),
(84, '', 240, 179, '', '', '', '0', 0, '0'),
(85, '', 0, 180, '', '', '', '0', 0, '0'),
(86, '', 240, 181, '', '', '', '0', 0, '0'),
(87, '', 347, 182, '', '', '', '0', 0, '0'),
(88, '', 347, 183, '', '', '', '0', 0, '0'),
(89, '', 347, 184, '', '', '', '0', 0, '0'),
(90, '', 347, 185, '', '', '', '0', 0, '0'),
(91, '', 240, 186, '', '', '', '0', 0, '0'),
(92, '', 347, 187, '', '', '', '0', 0, '0'),
(93, '', 240, 188, '', '', '', '0', 0, '0'),
(94, '', 240, 189, '', '', '', '0', 0, '0'),
(95, '', 240, 190, '', '', '', '0', 0, '0'),
(96, '', 347, 191, '', '', '', '0', 0, '0'),
(97, '', 347, 192, '', '', '', '0', 0, '0'),
(98, '', 347, 193, '', '', '', '0', 0, '0'),
(99, '', 347, 194, '', '', '', '0', 0, '0'),
(100, '', 347, 195, '', '', '', '0', 0, '0'),
(101, '', 240, 196, '', '', '', '0', 0, '0'),
(102, '', 240, 197, '', '', '', '0', 0, '0'),
(103, '', 240, 198, '', '', '', '0', 0, '0'),
(104, '', 240, 199, '', '', '', '0', 0, '0'),
(105, '', 240, 200, '', '', '', '0', 0, '0'),
(106, '', 347, 201, '', '', '', '0', 0, '0'),
(107, '', 240, 202, '', '', '', '0', 0, '0'),
(108, '', 240, 203, '', '', '', '0', 0, '0'),
(109, '', 240, 204, '', '', '', '0', 0, '0'),
(110, '', 240, 205, '', '', '', '0', 0, '0'),
(111, '', 240, 206, '', '', '', '0', 0, '0'),
(112, '', 240, 207, '', '', '', '0', 0, '0'),
(113, '', 240, 208, '', '', '', '0', 0, '0'),
(114, '', 240, 209, '', '', '', '0', 0, '0'),
(115, '', 240, 210, '', '', '', '0', 0, '0'),
(116, '', 240, 211, '', '', '', '0', 0, '0'),
(117, '', 240, 212, '', '', '', '0', 0, '0'),
(118, '', 240, 213, '', '', '', '0', 0, '0'),
(119, '', 240, 214, '', '', '', '0', 0, '0'),
(120, '', 240, 215, '', '', '', '0', 0, '0'),
(121, '', 240, 216, '', '', '', '0', 0, '0'),
(122, '', 240, 217, '', '', '', '0', 0, '0'),
(123, '', 240, 218, '', '', '', '0', 0, '0'),
(124, '', 240, 219, '', '', '', '0', 0, '0'),
(125, '', 240, 220, '', '', '', '0', 0, '0'),
(126, '', 240, 221, '', '', '', '0', 0, '0'),
(127, '', 240, 222, '', '', '', '0', 0, '0'),
(128, '', 240, 223, '', '', '', '0', 0, '0'),
(129, '', 240, 224, '', '', '', '0', 0, '0'),
(130, '', 240, 225, '', '', '', '0', 0, '0'),
(131, '', 240, 226, '', '', '', '0', 0, '0'),
(132, '', 240, 227, '', '', '', '0', 0, '0'),
(133, '', 240, 228, '', '', '', '0', 0, '0'),
(134, '', 240, 229, '', '', '', '0', 0, '0'),
(135, '', 240, 230, '', '', '', '0', 0, '0'),
(136, '', 240, 231, '', '', '', '0', 0, '0'),
(137, '', 240, 232, '', '', '', '0', 0, '0'),
(138, '', 240, 233, '', '', '', '0', 0, '0'),
(139, '', 240, 234, '', '', '', '0', 0, '0'),
(140, '', 240, 235, '', '', '', '0', 0, '0'),
(141, '', 240, 236, '', '', '', '0', 0, '0'),
(142, '', 240, 237, '', '', '', '0', 0, '0'),
(143, '', 240, 238, '', '', '', '0', 0, '0'),
(144, '', 240, 239, '', '', '', '0', 0, '0'),
(145, '', 240, 240, '', '', '', '0', 0, '0'),
(146, '', 240, 241, '', '', '', '0', 0, '0'),
(147, '', 240, 242, '', '', '', '0', 0, '0'),
(148, '', 240, 243, '', '', '', '0', 0, '0'),
(149, '', 240, 244, '', '', '', '0', 0, '0'),
(150, '', 240, 245, '', '', '', '0', 0, '0'),
(151, '', 240, 246, '', '', '', '0', 0, '0'),
(152, '', 240, 247, '', '', '', '0', 0, '0'),
(153, '', 240, 248, '', '', '', '0', 0, '0'),
(154, '', 240, 249, '', '', '', '0', 0, '0'),
(155, '', 240, 250, '', '', '', '0', 0, '0'),
(156, '', 240, 251, '', '', '', '0', 0, '0'),
(157, '', 240, 252, '', '', '', '0', 0, '0'),
(158, '', 240, 253, '', '', '', '0', 0, '0'),
(159, '', 240, 254, '', '', '', '0', 0, '0'),
(160, '', 240, 255, '', '', '', '0', 0, '0'),
(161, '', 240, 256, '', '', '', '0', 0, '0'),
(162, '', 240, 257, '', '', '', '0', 0, '0'),
(163, '', 240, 258, '', '', '', '0', 0, '0'),
(164, '', 240, 259, '', '', '', '0', 0, '0'),
(165, '', 240, 260, '', '', '', '0', 0, '0'),
(166, '', 240, 261, '', '', '', '0', 0, '0'),
(167, '', 240, 262, '', '', '', '0', 0, '0'),
(168, '', 240, 263, '', '', '', '0', 0, '0'),
(169, '', 240, 264, '', '', '', '0', 0, '0'),
(170, '', 240, 265, '', '', '', '0', 0, '0'),
(171, '', 240, 266, '', '', '', '0', 0, '0'),
(172, '', 240, 267, '', '', '', '0', 0, '0'),
(173, '', 240, 268, '', '', '', '0', 0, '0'),
(174, '', 240, 269, '', '', '', '0', 0, '0'),
(175, '', 240, 270, '', '', '', '0', 0, '0'),
(176, '', 240, 271, '', '', '', '0', 0, '0'),
(177, '', 525, 280, '00987654321', 'ewew', 'fdf', '1', 1, '0'),
(178, '', 525, 281, '00987654321', 'ewew', 'fdf', '1', 1, '0'),
(179, '', 525, 282, '00987654321', 'ewew', 'fdf', '1', 1, '0'),
(180, '', 240, 302, '', '', '', '0', 0, '0'),
(181, '', 240, 308, '', '', '', '0', 0, '0'),
(182, '', 0, 312, '', '', '', '0', 0, '0'),
(183, '', 0, 313, '', '', '', '0', 0, '0'),
(184, '', 0, 314, '', '', '', '0', 0, '0'),
(185, '', 240, 315, '', '', '', '0', 0, '0'),
(186, '', 240, 316, '', '', '', '0', 0, '0'),
(187, '', 240, 317, '', '', '', '0', 0, '0'),
(188, '', 240, 318, '', '', '', '0', 0, '0'),
(189, '', 240, 319, '', '', '', '0', 0, '0'),
(190, '', 240, 320, '', '', '', '0', 0, '0'),
(191, '', 240, 321, '', '', '', '0', 0, '0'),
(192, '', 240, 322, '', '', '', '0', 0, '0'),
(193, '', 240, 323, '', '', '', '0', 0, '0'),
(194, '', 240, 324, '', '', '', '0', 0, '0'),
(195, '', 240, 325, '', '', '', '0', 0, '0'),
(196, '', 240, 326, '', '', '', '0', 0, '0'),
(197, '', 240, 327, '', '', '', '0', 0, '0'),
(198, '', 240, 328, '', '', '', '0', 0, '0'),
(199, '', 240, 329, '', '', '', '0', 0, '0'),
(200, '', 240, 330, '', '', '', '0', 0, '0'),
(201, '', 240, 331, '', '', '', '0', 0, '0'),
(202, '', 240, 332, '', '', '', '0', 0, '0'),
(203, '', 240, 333, '', '', '', '0', 0, '0'),
(204, '', 240, 334, '', '', '', '0', 0, '0'),
(205, '', 240, 335, '', '', '', '0', 0, '0'),
(206, '', 240, 336, '', '', '', '0', 0, '0'),
(207, '', 240, 337, '', '', '', '0', 0, '0'),
(208, '', 240, 338, '', '', '', '0', 0, '0'),
(209, '', 240, 339, '', '', '', '0', 0, '0'),
(210, '', 240, 340, '', '', '', '0', 0, '0'),
(211, '', 240, 341, '', '', '', '0', 0, '0'),
(212, '', 240, 342, '', '', '', '0', 0, '0'),
(213, '', 240, 343, '', '', '', '0', 0, '0'),
(214, '', 240, 344, '', '', '', '0', 0, '0'),
(215, '', 240, 345, '', '', '', '0', 0, '0'),
(216, '', 240, 346, '', '', '', '0', 0, '0'),
(217, '', 240, 347, '', '', '', '0', 0, '0'),
(218, '', 240, 348, '', '', '', '0', 0, '0'),
(219, '', 240, 349, '', '', '', '0', 0, '0'),
(220, '', 240, 350, '', '', '', '0', 0, '0'),
(221, '', 240, 351, '', '', '', '0', 0, '0'),
(222, '', 240, 352, '', '', '', '0', 0, '0'),
(223, '', 240, 353, '', '', '', '0', 0, '0'),
(224, '', 240, 354, '', '', '', '0', 0, '0'),
(225, '', 240, 355, '', '', '', '0', 0, '0'),
(226, '', 240, 356, '', '', '', '0', 0, '0'),
(227, '', 240, 357, '', '', '', '0', 0, '0'),
(228, '', 240, 358, '', '', '', '0', 0, '0'),
(229, '', 240, 359, '', '', '', '0', 0, '0'),
(230, '', 240, 360, '', '', '', '0', 0, '0'),
(231, '', 240, 361, '', '', '', '0', 0, '0'),
(232, '', 240, 362, '', '', '', '0', 0, '0'),
(233, '', 240, 363, '', '', '', '0', 0, '0'),
(234, '', 240, 364, '', '', '', '0', 0, '0'),
(235, '', 0, 365, '', '', '', '0', 0, '0'),
(236, '', 240, 366, '', '', '', '0', 0, '0'),
(237, '', 240, 367, '', '', '', '0', 0, '0'),
(238, '', 240, 368, '', '', '', '0', 0, '0'),
(239, '', 240, 369, '', '', '', '0', 0, '0'),
(240, '', 240, 370, '', '', '', '0', 0, '0'),
(241, '', 240, 371, '', '', '', '0', 0, '0'),
(242, '', 240, 372, '', '', '', '0', 0, '0'),
(243, '', 240, 373, '', '', '', '0', 0, '0'),
(244, '', 240, 374, '', '', '', '0', 0, '0'),
(245, '', 240, 375, '', '', '', '0', 0, '0'),
(246, '', 240, 376, '', '', '', '0', 0, '0'),
(247, '', 240, 377, '', '', '', '0', 0, '0'),
(248, '', 240, 378, '', '', '', '0', 0, '0'),
(249, '', 240, 379, '', '', '', '0', 0, '0'),
(250, '', 240, 380, '', '', '', '0', 0, '0'),
(251, '', 240, 381, '', '', '', '0', 0, '0'),
(252, '', 240, 382, '', '', '', '0', 0, '0'),
(253, '', 240, 383, '', '', '', '0', 0, '0'),
(254, '', 240, 384, '', '', '', '0', 0, '0'),
(255, '', 240, 385, '', '', '', '0', 0, '0'),
(256, '', 240, 386, '', '', '', '0', 0, '0'),
(257, '', 0, 387, '', '', '', '0', 0, '0'),
(258, '', 240, 388, '', '', '', '0', 0, '0'),
(259, '', 240, 389, '', '', '', '0', 0, '0'),
(260, '', 240, 390, '', '', '', '0', 0, '0'),
(261, '', 240, 391, '', '', '', '0', 0, '0'),
(262, '', 240, 392, '', '', '', '0', 0, '0'),
(263, '', 240, 393, '', '', '', '0', 0, '0'),
(264, '', 240, 394, '', '', '', '0', 0, '0'),
(265, '', 240, 395, '', '', '', '0', 0, '0'),
(266, '', 240, 396, '', '', '', '0', 0, '0'),
(267, '', 240, 397, '', '', '', '0', 0, '0'),
(268, '', 240, 398, '', '', '', '0', 0, '0'),
(269, '', 240, 399, '', '', '', '0', 0, '0'),
(270, '', 240, 400, '', '', '', '0', 0, '0'),
(271, '', 240, 401, '', '', '', '0', 0, '0'),
(272, '', 240, 402, '', '', '', '0', 0, '0'),
(273, '', 240, 403, '', '', '', '0', 0, '0'),
(274, '', 240, 404, '', '', '', '0', 0, '0'),
(275, '', 240, 405, '', '', '', '0', 0, '0'),
(276, '', 240, 406, '', '', '', '0', 0, '0'),
(277, '', 240, 407, '', '', '', '0', 0, '0'),
(278, '', 240, 411, '', '', '', '0', 0, '0'),
(279, '', 240, 412, '', '', '', '0', 0, '0'),
(280, '', 240, 413, '', '', '', '0', 0, '0'),
(281, '', 240, 414, '', '', '', '0', 0, '0'),
(282, '', 240, 415, '', '', '', '0', 0, '0'),
(283, '', 240, 416, '', '', '', '0', 0, '0'),
(284, '', 240, 417, '00987654321', 'no name', 'no comments', '0', 0, '1'),
(285, '', 240, 418, '00987654321', 'no name', 'no comments', '0', 0, '1'),
(286, '', 240, 419, '', '', '', '0', 0, '0'),
(287, '', 240, 420, '', '', '', '0', 0, '0'),
(288, '', 240, 421, '', '', '', '0', 0, '0'),
(289, '', 240, 422, '', '', '', '0', 0, '0'),
(290, '', 240, 423, '', '', '', '0', 0, '0'),
(291, '', 240, 424, '', '', '', '0', 0, '0'),
(292, '', 240, 425, '', '', '', '0', 0, '0'),
(293, '', 240, 426, '', '', '', '0', 0, '0'),
(294, '', 240, 427, '', '', '', '0', 0, '0'),
(295, '', 240, 428, '', '', '', '0', 0, '0'),
(296, '', 240, 429, '', '', '', '0', 0, '0'),
(297, '', 240, 430, '', '', '', '0', 0, '0'),
(298, '', 240, 431, '', '', '', '0', 0, '0'),
(299, '', 240, 432, '', '', '', '0', 0, '0'),
(300, '', 240, 433, '', '', '', '0', 0, '0'),
(301, '', 240, 434, '', '', '', '0', 0, '0'),
(302, '', 240, 435, '', '', '', '0', 0, '0'),
(303, '', 240, 436, '', '', '', '0', 0, '0'),
(304, '', 240, 437, '', '', '', '0', 0, '0'),
(305, '', 240, 438, '', '', '', '0', 0, '0'),
(306, '', 240, 439, '', '', '', '0', 0, '0'),
(307, '', 240, 440, '', '', '', '0', 0, '0'),
(308, '', 240, 441, '', '', '', '0', 0, '0'),
(309, '', 240, 442, '', '', '', '0', 0, '0'),
(310, '', 240, 443, '', '', '', '0', 0, '0'),
(311, '', 240, 444, '', '', '', '0', 0, '0'),
(312, '', 240, 445, '', '', '', '0', 0, '0'),
(313, '', 240, 446, '', '', '', '0', 0, '0'),
(314, '', 240, 447, '', '', '', '0', 0, '0'),
(315, '', 240, 448, '', '', '', '0', 0, '0'),
(316, '', 240, 449, '', '', '', '0', 0, '0'),
(317, 'jxfjxfs', 240, 470, '', '', '', '0', 0, '0'),
(318, '', 0, 471, '', '', '', '0', 0, '0'),
(319, '', 347, 473, '00987654321', 'sfd', 'fds', '1', 0, '0'),
(320, '', 338, 473, '00987654321', 'sfd', 'fds', '0', 1, '1'),
(321, '', 347, 474, '00987654321', 'sfd', 'fds', '1', 0, '0'),
(322, '', 338, 474, '00987654321', 'sfd', 'fds', '0', 1, '1'),
(323, '', 240, 475, '03110095711', 'dsfsdf', '', '0', 0, '1'),
(324, '', 240, 476, '03110095711', 'dsfsdf', '', '0', 0, '1'),
(325, 'Hayatabad', 240, 477, '03341234567', 'Arbab', '', '0', 0, '1'),
(326, 'Hayatabad', 240, 478, '03341234567', 'Arbab', '', '0', 0, '1'),
(327, 'jxfjxfs', 319, 483, '', '', '', '0', 0, '0'),
(328, '', 374, 486, '', '', '', '0', 0, '0'),
(329, '', 321, 487, '00987654321', 'no name', 'no comments', '0', 1, '1'),
(330, '', 321, 488, '00987654321', 'no name', 'no comments', '0', 1, '1'),
(331, '', 499, 490, '00987654321', 'no name', 'no comments', '1', 0, '0'),
(332, '', 525, 490, '00987654321', 'no name', 'no comments', '0', 0, '1'),
(333, '', 499, 491, '00987654321', 'no name', 'no comments', '1', 0, '0'),
(334, '', 525, 491, '00987654321', 'no name', 'no comments', '0', 0, '1'),
(335, '', 400, 492, '03341234567', 'no name 2', 'no comments 1', '1', 1, '0'),
(336, '', 320, 493, '', '', '', '0', 0, '0'),
(337, '', 374, 494, '', '', '', '0', 0, '0'),
(338, '', 190, 495, '', '', '', '0', 0, '0'),
(339, '', 242, 496, '', '', '', '0', 0, '0'),
(340, '', 516, 498, '', '', '', '0', 0, '0'),
(341, '', 374, 499, '', '', '', '0', 0, '0'),
(342, 'jxfjxfs', 0, 500, '', '', '', '0', 0, '0'),
(343, 'jxfjxfs', 0, 501, '', '', '', '0', 0, '0'),
(344, 'jxfjxfs', 0, 502, '', '', '', '0', 0, '0'),
(345, 'jxfjxfs', 0, 503, '', '', '', '0', 0, '0'),
(346, 'jxfjxfs', 0, 504, '', '', '', '0', 0, '0'),
(347, 'jxfjxfs', 382, 505, '', '', '', '0', 0, '0'),
(348, 'jxfjxfs', 0, 506, '', '', '', '0', 0, '0'),
(349, '', 347, 507, '', '', '', '0', 0, '0'),
(350, '', 187, 508, '03341234567', 'Arbab', 'no comments', '1', 0, '0'),
(351, '', 499, 508, '03341234567', 'Arbab', 'no comments', '0', 1, '0'),
(352, '', 347, 509, '03110095711', '', '', '0', 0, '1'),
(353, '', 240, 510, '03110095711', 'no name', '', '1', 0, '0'),
(354, '', 305, 510, '03110095711', 'no name', '', '0', 1, '1'),
(355, '', 277, 511, '', '', '', '0', 0, '0');

-- --------------------------------------------------------

--
-- Table structure for table `order_resturants`
--

CREATE TABLE IF NOT EXISTS `order_resturants` (
  `or_id` int(11) NOT NULL AUTO_INCREMENT,
  `r_id` int(11) NOT NULL,
  `menu_id` int(11) NOT NULL,
  `custom_item` varchar(255) NOT NULL,
  `qty` int(10) NOT NULL,
  `o_id` int(11) NOT NULL,
  PRIMARY KEY (`or_id`)
) ENGINE=InnoDB  DEFAULT CHARSET=latin1 AUTO_INCREMENT=125 ;

--
-- Dumping data for table `order_resturants`
--

INSERT INTO `order_resturants` (`or_id`, `r_id`, `menu_id`, `custom_item`, `qty`, `o_id`) VALUES
(23, 1, 6, '', 2, 86),
(24, 1, 7, '', 2, 86),
(25, 1, 6, '', 2, 87),
(26, 1, 7, '', 3, 87),
(27, 1, 6, '', 3, 90),
(28, 1, 6, '', 4, 148),
(29, 1, 15, '', 4, 148),
(30, 1, 6, '', 2, 150),
(31, 1, 6, '', 3, 151),
(32, 1, 6, '', 2, 152),
(33, 1, 6, '', 4, 153),
(34, 1, 7, '', 3, 154),
(35, 1, 8, '', 2, 155),
(36, 1, 6, '', 3, 156),
(37, 1, 6, '', 3, 157),
(38, 1, 7, '', 3, 158),
(39, 1, 10, '', 3, 159),
(40, 1, 6, '', 3, 160),
(41, 1, 10, '', 4, 161),
(42, 1, 6, '', 3, 162),
(43, 1, 7, '', 3, 163),
(44, 1, 6, '', 3, 164),
(45, 1, 12, '', 3, 165),
(46, 1, 6, '', 2, 166),
(47, 1, 6, '', 3, 167),
(48, 1, 6, '', 3, 168),
(49, 1, 6, '', 3, 176),
(50, 1, 6, '', 3, 176),
(51, 1, 7, '', 3, 177),
(52, 1, 6, '', 2, 178),
(53, 1, 6, '', 3, 182),
(54, 1, 6, '', 3, 183),
(55, 1, 6, '', 3, 184),
(56, 1, 6, '', 3, 185),
(57, 1, 6, '', 3, 186),
(58, 1, 6, '', 3, 187),
(59, 1, 6, '', 2, 188),
(60, 1, 6, '', 3, 189),
(61, 1, 6, '', 3, 190),
(62, 1, 7, '', 3, 192),
(63, 1, 6, '', 3, 193),
(64, 1, 6, '', 3, 194),
(65, 1, 6, '', 3, 195),
(66, 1, 6, '', 3, 196),
(67, 1, 6, '', 4, 197),
(68, 1, 6, '', 2, 198),
(69, 1, 6, '', 3, 199),
(70, 1, 6, '', 3, 200),
(71, 1, 7, '', 3, 201),
(72, 1, 6, '', 5, 202),
(73, 1, 6, '', 3, 203),
(74, 1, 6, '', 3, 205),
(75, 1, 6, '', 3, 206),
(76, 1, 6, '', 2, 207),
(77, 1, 6, '', 2, 208),
(78, 1, 6, '', 2, 209),
(79, 1, 6, '', 3, 210),
(80, 1, 6, '', 3, 210),
(81, 1, 6, '', 3, 211),
(82, 1, 6, '', 3, 212),
(83, 1, 6, '', 3, 213),
(84, 1, 6, '', 3, 213),
(85, 1, 7, '', 3, 217),
(86, 1, 6, '', 3, 218),
(87, 1, 7, '', 3, 219),
(88, 1, 6, '', 3, 220),
(89, 1, 6, '', 3, 223),
(90, 1, 6, '', 3, 224),
(91, 1, 6, '', 3, 236),
(92, 1, 6, '', 2, 254),
(93, 1, 6, '', 3, 313),
(94, 1, 15, '', 2, 314),
(95, 1, 6, '', 3, 316),
(96, 1, 6, '', 3, 327),
(97, 1, 7, '', 3, 419),
(98, 1, 7, '', 1, 419),
(99, 1, 8, '', 4, 419),
(100, 1, 6, '', 4, 419),
(101, 1, 6, '', 3, 420),
(102, 1, 7, '', 4, 449),
(103, 1, 6, '', 5, 470),
(104, 1, 6, '', 5, 470),
(105, 1, 7, '', 1, 470),
(108, 1, 6, '', 4, 486),
(109, 1, 6, '', 4, 493),
(110, 1, 6, '', 3, 494),
(114, 1, 6, '', 5, 495),
(115, 6, 121, '', 3, 497),
(116, 6, 120, '', 4, 497),
(117, 6, 121, '', 3, 498),
(118, 6, 120, '', 4, 498),
(119, 7, 152, '', 4, 499),
(120, 7, 152, '', 3, 500),
(121, 6, 120, '', 4, 507),
(122, 6, 129, '', 4, 507),
(123, 5, 9, '', 3, 511),
(124, 5, 10, '', 3, 511);

-- --------------------------------------------------------

--
-- Table structure for table `payaccount_categories`
--

CREATE TABLE IF NOT EXISTS `payaccount_categories` (
  `payc_id` int(11) NOT NULL AUTO_INCREMENT,
  `payc_title` varchar(255) NOT NULL,
  `payc_status` tinyint(4) NOT NULL DEFAULT '1',
  `created_by` int(11) DEFAULT NULL,
  `created_date` timestamp NOT NULL DEFAULT CURRENT_TIMESTAMP,
  `last_updated` datetime DEFAULT NULL,
  `last_updated_by` int(11) DEFAULT NULL,
  PRIMARY KEY (`payc_id`)
) ENGINE=InnoDB DEFAULT CHARSET=utf8 AUTO_INCREMENT=1 ;

-- --------------------------------------------------------

--
-- Table structure for table `periods`
--

CREATE TABLE IF NOT EXISTS `periods` (
  `period_id` int(11) NOT NULL AUTO_INCREMENT,
  `period_start` datetime DEFAULT NULL,
  `period_end` datetime DEFAULT NULL,
  `created_by` int(11) DEFAULT NULL,
  `created_date` timestamp NOT NULL DEFAULT CURRENT_TIMESTAMP,
  `last_updated` datetime DEFAULT NULL,
  `last_updated_by` int(11) DEFAULT NULL,
  PRIMARY KEY (`period_id`)
) ENGINE=InnoDB  DEFAULT CHARSET=utf8 AUTO_INCREMENT=2 ;

--
-- Dumping data for table `periods`
--

INSERT INTO `periods` (`period_id`, `period_start`, `period_end`, `created_by`, `created_date`, `last_updated`, `last_updated_by`) VALUES
(1, '2014-11-01 00:00:00', '2014-11-30 00:00:00', 1, '2014-12-11 11:21:03', NULL, 1);

-- --------------------------------------------------------

--
-- Table structure for table `received_sms`
--

CREATE TABLE IF NOT EXISTS `received_sms` (
  `sms_id` int(10) NOT NULL AUTO_INCREMENT,
  `sender` varchar(100) NOT NULL,
  `receive_text` varchar(100) NOT NULL,
  PRIMARY KEY (`sms_id`)
) ENGINE=MyISAM  DEFAULT CHARSET=latin1 AUTO_INCREMENT=46 ;

--
-- Dumping data for table `received_sms`
--

INSERT INTO `received_sms` (`sms_id`, `sender`, `receive_text`) VALUES
(17, '923359857494', 'DEW 47 d'),
(16, '923359857494', 'DEW 47 a'),
(15, '923085451369', 'DEW 47 1'),
(14, '923335555152', 'DEW 47 1'),
(18, '923355472604', 'DEW 47 p'),
(19, '923355472604', 'DEW 47 p'),
(20, '923355472604', 'DEW 47 a'),
(21, '923355472604', 'DEW 47 d'),
(22, '923355472604', 'DEW 47 NL'),
(23, '923355472604', 'DEW 47 p'),
(24, '923355472604', 'DEW 47 nl'),
(25, '923355472604', 'DEW 47 a'),
(26, '923355472604', 'DEW 47 d'),
(27, '923355472604', 'DEW 47 D'),
(28, '923355472604', 'DEW 47 NL'),
(29, '923355472604', 'DEW 47 a'),
(30, '923355472604', 'DEW 47 a'),
(31, '923355472604', 'DEW 47 p'),
(32, '923355472604', 'DEW 47 a'),
(33, '923355472604', 'DEW 47 p'),
(34, '923355472604', 'DEW 47 a'),
(35, '923355472604', 'DEW 47 a'),
(36, '923355472604', 'DEW 47 d'),
(37, '923355472604', 'DEW 47 nl'),
(38, '923355472604', 'DEW 47 nl'),
(39, '923359857494', 'DEW 169 5ml'),
(40, '923359857494', 'DEW 169 5ml'),
(41, '923359857494', 'DEW 169 5ml'),
(42, '923339284608', 'DEW 1 leave'),
(43, '923339284608', 'DEW 1 leave'),
(44, '923339639706', 'DEW 1 break'),
(45, '923085451369', 'Nil 28 1');

-- --------------------------------------------------------

--
-- Table structure for table `response_call`
--

CREATE TABLE IF NOT EXISTS `response_call` (
  `call_id` int(10) NOT NULL AUTO_INCREMENT,
  `call_no` varchar(100) NOT NULL,
  PRIMARY KEY (`call_id`)
) ENGINE=MyISAM  DEFAULT CHARSET=latin1 AUTO_INCREMENT=10 ;

--
-- Dumping data for table `response_call`
--

INSERT INTO `response_call` (`call_id`, `call_no`) VALUES
(9, ''),
(8, 'fail');

-- --------------------------------------------------------

--
-- Table structure for table `restauratsn`
--

CREATE TABLE IF NOT EXISTS `restauratsn` (
  `res_id` int(10) NOT NULL AUTO_INCREMENT,
  `res_name` varchar(255) NOT NULL,
  `res_location` varchar(255) NOT NULL,
  `res_desc` varchar(1000) NOT NULL,
  `res_contactno` varchar(255) DEFAULT NULL,
  `res_seqeunce` int(5) NOT NULL,
  `res_image` varchar(50) NOT NULL,
  `res_visibility` tinyint(1) NOT NULL,
  PRIMARY KEY (`res_id`)
) ENGINE=InnoDB  DEFAULT CHARSET=latin1 AUTO_INCREMENT=32 ;

--
-- Dumping data for table `restauratsn`
--

INSERT INTO `restauratsn` (`res_id`, `res_name`, `res_location`, `res_desc`, `res_contactno`, `res_seqeunce`, `res_image`, `res_visibility`) VALUES
(1, 'University Tikka Hut', 'University Road', 'universty tikka hut is a resturantfdssdf', 'none', 1, 'uni_tikkahut_logo.png', 0),
(2, 'Burger King', 'University Road', '', 'none', 2, 'bk_logo.png', 0),
(3, 'Chief Grill', 'University Road', '', 'none', 3, 'chief_grill_logo.png', 0),
(4, 'Habibi', 'University Road', '', 'none', 4, 'hababi_logo.png', 0),
(5, 'Cone Heads', 'University Road', '', 'none', 5, 'coneheads_logo.png', 0),
(6, 'Jan''s Deli', 'University Road', '', 'none', 6, 'jans_deli_logo.png', 0),
(7, 'Traskoon Restaurant', 'Ring Road', '', 'none', 7, 'traskoon_logo.png', 0),
(8, 'Usmania Restaurant', 'University Road', '', 'none', 8, 'usmania_logo.png', 0),
(9, 'Islamia Restaurant', 'University Road', '', 'none', 12, 'islamia_logo.png', 0),
(10, 'China Terrace', 'University Road', '', 'none', 14, 'china_terrace_logo.png', 0),
(11, 'P2 P1 Moroso', 'Grand Trunk Rd', '', 'none', 13, 'pp_moroso_logo.png', 0),
(12, 'Thames Burger & Restaurant', 'University Road', '', 'none', 16, 'thames_burger_logo.png', 0),
(13, 'Jalil Restaurant & BBQ INN', 'Jamrud Road', '', 'none', 17, 'jalil_bbq_logo.png', 0),
(14, 'Chief Burger', 'Jamrud Road', '', 'none', 9, 'chief_burger_logo.png', 0),
(31, 'green restaurant', 'opposite G.P.O sadder road', 'universty tikka hut is a resturantdsasa', '1123234', 11, '', 0);

-- --------------------------------------------------------

--
-- Table structure for table `restro_food_category`
--

CREATE TABLE IF NOT EXISTS `restro_food_category` (
  `rfc_id` int(11) NOT NULL AUTO_INCREMENT,
  `res_id` int(11) NOT NULL,
  `fc_id` int(11) NOT NULL,
  `sequence` int(11) NOT NULL,
  PRIMARY KEY (`rfc_id`)
) ENGINE=MyISAM  DEFAULT CHARSET=latin1 AUTO_INCREMENT=189 ;

--
-- Dumping data for table `restro_food_category`
--

INSERT INTO `restro_food_category` (`rfc_id`, `res_id`, `fc_id`, `sequence`) VALUES
(1, 1, 1, 1),
(2, 1, 2, 2),
(3, 1, 3, 3),
(4, 1, 4, 4),
(5, 1, 5, 5),
(6, 1, 6, 6),
(7, 1, 7, 7),
(8, 1, 8, 8),
(9, 1, 9, 9),
(10, 1, 10, 10),
(11, 1, 11, 11),
(12, 1, 12, 12),
(13, 1, 13, 13),
(14, 1, 14, 14),
(15, 1, 15, 15),
(16, 1, 16, 16),
(17, 1, 17, 17),
(18, 1, 18, 18),
(19, 1, 19, 19),
(20, 2, 20, 1),
(21, 2, 21, 2),
(22, 2, 22, 3),
(23, 2, 23, 4),
(24, 2, 24, 5),
(25, 2, 25, 6),
(26, 2, 26, 7),
(27, 2, 27, 8),
(28, 2, 28, 9),
(29, 3, 29, 1),
(30, 3, 1, 2),
(31, 3, 30, 3),
(32, 3, 31, 4),
(33, 3, 32, 5),
(34, 3, 33, 6),
(35, 3, 34, 7),
(36, 3, 35, 8),
(37, 3, 18, 9),
(38, 3, 36, 10),
(39, 3, 17, 11),
(40, 3, 37, 12),
(41, 3, 38, 13),
(42, 3, 39, 14),
(43, 3, 40, 15),
(44, 3, 41, 16),
(45, 3, 42, 17),
(46, 3, 43, 18),
(47, 3, 44, 19),
(48, 3, 45, 20),
(49, 4, 1, 1),
(50, 4, 46, 2),
(51, 4, 47, 3),
(52, 4, 48, 4),
(53, 4, 49, 5),
(54, 4, 50, 6),
(55, 4, 51, 7),
(56, 4, 52, 8),
(57, 4, 53, 9),
(58, 4, 9, 10),
(59, 4, 54, 11),
(60, 4, 34, 12),
(61, 4, 55, 13),
(62, 4, 27, 14),
(63, 4, 56, 15),
(64, 5, 57, 1),
(65, 5, 58, 2),
(66, 5, 59, 3),
(67, 5, 60, 4),
(68, 5, 61, 5),
(69, 5, 62, 6),
(70, 5, 63, 7),
(71, 5, 64, 8),
(72, 5, 65, 9),
(73, 5, 66, 10),
(74, 5, 67, 11),
(75, 6, 68, 1),
(76, 6, 69, 2),
(77, 6, 70, 3),
(78, 6, 6, 4),
(79, 6, 71, 5),
(80, 6, 17, 6),
(81, 6, 35, 7),
(82, 6, 18, 8),
(83, 6, 72, 9),
(84, 6, 32, 10),
(85, 6, 73, 11),
(86, 6, 74, 12),
(87, 6, 75, 13),
(88, 7, 76, 1),
(89, 7, 77, 2),
(90, 7, 78, 3),
(91, 7, 79, 4),
(92, 7, 62, 5),
(93, 8, 80, 1),
(94, 8, 81, 2),
(95, 8, 82, 3),
(96, 8, 83, 4),
(97, 8, 84, 5),
(98, 8, 85, 6),
(99, 8, 28, 7),
(100, 8, 60, 8),
(101, 8, 1, 9),
(102, 8, 86, 10),
(103, 8, 87, 11),
(104, 8, 88, 12),
(105, 8, 9, 13),
(106, 8, 89, 14),
(107, 8, 34, 15),
(108, 8, 27, 16),
(109, 8, 90, 17),
(110, 8, 91, 18),
(111, 8, 92, 19),
(112, 9, 1, 1),
(113, 9, 11, 2),
(114, 9, 93, 3),
(115, 9, 41, 4),
(116, 9, 9, 5),
(117, 9, 94, 6),
(118, 9, 95, 7),
(119, 9, 82, 8),
(120, 9, 96, 9),
(121, 9, 54, 10),
(122, 9, 32, 11),
(123, 9, 55, 12),
(124, 9, 97, 13),
(125, 10, 98, 1),
(126, 10, 1, 2),
(127, 10, 99, 3),
(128, 10, 100, 4),
(129, 10, 70, 5),
(130, 10, 92, 6),
(131, 10, 9, 7),
(132, 10, 27, 8),
(133, 10, 101, 9),
(134, 10, 102, 10),
(135, 10, 61, 11),
(136, 10, 103, 12),
(137, 10, 60, 13),
(138, 10, 104, 14),
(139, 11, 17, 1),
(140, 11, 105, 2),
(141, 11, 19, 3),
(142, 11, 106, 4),
(143, 11, 107, 5),
(144, 11, 108, 6),
(145, 11, 109, 7),
(146, 11, 110, 8),
(147, 11, 111, 9),
(148, 11, 112, 10),
(149, 11, 113, 11),
(150, 11, 114, 12),
(151, 12, 18, 1),
(152, 12, 41, 2),
(153, 12, 115, 3),
(154, 12, 116, 4),
(155, 12, 34, 5),
(156, 12, 117, 6),
(157, 12, 118, 7),
(158, 12, 17, 8),
(159, 12, 119, 9),
(160, 12, 120, 10),
(161, 12, 121, 11),
(162, 12, 122, 12),
(163, 13, 1, 1),
(164, 13, 123, 2),
(165, 13, 9, 3),
(166, 13, 124, 4),
(167, 13, 11, 5),
(168, 13, 94, 6),
(169, 13, 82, 7),
(170, 13, 86, 8),
(171, 13, 34, 9),
(172, 13, 54, 10),
(173, 13, 27, 11),
(174, 13, 41, 12),
(175, 14, 17, 1),
(176, 14, 125, 2),
(177, 14, 126, 3),
(178, 14, 41, 4),
(179, 14, 18, 5),
(180, 14, 35, 6),
(181, 14, 127, 7),
(182, 14, 39, 8),
(183, 14, 128, 9),
(184, 14, 129, 10),
(185, 14, 34, 11),
(186, 14, 27, 12),
(187, 14, 130, 13),
(188, 14, 60, 14);

-- --------------------------------------------------------

--
-- Table structure for table `riders`
--

CREATE TABLE IF NOT EXISTS `riders` (
  `r_id` int(10) NOT NULL AUTO_INCREMENT,
  `name` varchar(255) NOT NULL,
  `office_no` varchar(50) NOT NULL,
  `personal_no` varchar(50) NOT NULL,
  `shift` varchar(50) NOT NULL,
  `status` int(2) NOT NULL,
  `comments` varchar(100) NOT NULL,
  `last_delivery` varchar(100) NOT NULL,
  `admin_approval` tinyint(4) DEFAULT NULL,
  `Active` tinyint(4) NOT NULL DEFAULT '1',
  PRIMARY KEY (`r_id`)
) ENGINE=InnoDB  DEFAULT CHARSET=latin1 AUTO_INCREMENT=5 ;

--
-- Dumping data for table `riders`
--

INSERT INTO `riders` (`r_id`, `name`, `office_no`, `personal_no`, `shift`, `status`, `comments`, `last_delivery`, `admin_approval`, `Active`) VALUES
(3, 'Mustafa khan', '092238488', '03085451369', 'Morning', 1, 'really nice and hard worker', 'Hayatabad Phase 5 Sector A1', NULL, 1),
(4, 'Mudassir Khan', '029329349', '03085451369', 'Morning', 0, '', 'Hayatabad Phase 7 Sector E4', NULL, 1);

-- --------------------------------------------------------

--
-- Table structure for table `roles`
--

CREATE TABLE IF NOT EXISTS `roles` (
  `role_id` int(11) NOT NULL AUTO_INCREMENT,
  `role_homepage` int(11) DEFAULT NULL,
  `role_title` varchar(255) DEFAULT NULL,
  `role_desc` text NOT NULL,
  `role_level` int(11) DEFAULT NULL,
  `role_status` tinyint(4) DEFAULT '1',
  `created_by` int(11) DEFAULT NULL,
  `created_date` timestamp NOT NULL DEFAULT CURRENT_TIMESTAMP,
  `last_updated` datetime DEFAULT NULL,
  `last_updated_by` int(11) DEFAULT NULL,
  PRIMARY KEY (`role_id`),
  KEY `fk_roles_modules1_idx` (`role_homepage`)
) ENGINE=InnoDB  DEFAULT CHARSET=utf8 AUTO_INCREMENT=9 ;

--
-- Dumping data for table `roles`
--

INSERT INTO `roles` (`role_id`, `role_homepage`, `role_title`, `role_desc`, `role_level`, `role_status`, `created_by`, `created_date`, `last_updated`, `last_updated_by`) VALUES
(2, 59, 'admin', '', 1, 1, 1, '2017-05-04 13:39:59', '2017-04-11 02:20:48', NULL),
(3, 36, 'Client Admin', 'Super admin of the client', 2, 1, NULL, '2014-12-27 10:04:35', '2017-02-07 02:21:32', NULL),
(4, 32, 'Accounts Manager', 'Role for accounts manager', 3, 3, NULL, '2014-12-27 10:06:20', '2017-02-07 02:21:30', NULL),
(5, 90, 'Order Tracker', '', 4, 1, NULL, '2017-03-05 20:23:47', '2017-03-30 05:25:35', NULL),
(6, 90, 'Order Placer', '', 5, 1, NULL, '2017-03-29 00:44:51', '2017-04-11 02:05:24', NULL),
(7, 93, 'Rider Assignment', 'Assign Rider', 6, 1, NULL, '2017-03-30 00:19:38', '2017-03-30 08:05:34', NULL),
(8, 17, 'Super Admin', 'Access to roles, modules etc', 1, 1, NULL, '2017-06-02 06:15:47', NULL, NULL);

-- --------------------------------------------------------

--
-- Table structure for table `users`
--

CREATE TABLE IF NOT EXISTS `users` (
  `user_id` int(11) NOT NULL AUTO_INCREMENT,
  `role_id` int(11) DEFAULT NULL,
  `dept_id` int(11) DEFAULT NULL,
  `user_title` varchar(200) DEFAULT NULL,
  `user_name` varchar(200) DEFAULT NULL,
  `user_password` varchar(200) DEFAULT NULL,
  `user_email` varchar(200) DEFAULT NULL,
  `user_password_reset_code` varchar(200) DEFAULT NULL,
  `user_status` tinyint(4) DEFAULT '1',
  `created_by` int(11) DEFAULT NULL,
  `created_date` timestamp NOT NULL DEFAULT CURRENT_TIMESTAMP,
  `last_updated` datetime DEFAULT NULL,
  `last_updated_by` int(11) DEFAULT NULL,
  PRIMARY KEY (`user_id`),
  KEY `fk_users_departments1_idx` (`dept_id`),
  KEY `fk_users_roles1_idx` (`role_id`)
) ENGINE=InnoDB  DEFAULT CHARSET=utf8 AUTO_INCREMENT=14 ;

--
-- Dumping data for table `users`
--

INSERT INTO `users` (`user_id`, `role_id`, `dept_id`, `user_title`, `user_name`, `user_password`, `user_email`, `user_password_reset_code`, `user_status`, `created_by`, `created_date`, `last_updated`, `last_updated_by`) VALUES
(8, 2, 1, 'admin', 'admin@gmial.com', '123456', 'admin@gmial.com', NULL, 1, NULL, '2017-02-06 21:24:03', '2017-03-09 04:12:04', NULL),
(10, 5, 1, 'Order Tracker', 'order@gmail.com', '123456', 'order@gmail.com', NULL, 1, NULL, '2017-03-05 20:24:34', NULL, NULL),
(11, 6, 1, 'Order Placer', 'orderplacer@gmail.com', '123456', 'orderplacer@gmail.com', NULL, 1, NULL, '2017-03-29 00:45:38', NULL, NULL),
(12, 7, 1, 'Rider Assignment', 'rider@gmail.com', '123456', 'rider@gmail.com', NULL, 1, NULL, '2017-03-30 00:20:13', NULL, NULL),
(13, 8, 1, 'Super Admin', 'sa@gmail.com', '123456', 'sa@gmail.com', NULL, 1, NULL, '2017-06-02 06:16:44', NULL, NULL);

--
-- Constraints for dumped tables
--

--
-- Constraints for table `module_rights`
--
ALTER TABLE `module_rights`
  ADD CONSTRAINT `fk_module_rights_modules1` FOREIGN KEY (`module_id`) REFERENCES `modules` (`module_id`) ON DELETE NO ACTION ON UPDATE NO ACTION,
  ADD CONSTRAINT `fk_module_rights_roles1` FOREIGN KEY (`role_id`) REFERENCES `roles` (`role_id`) ON DELETE NO ACTION ON UPDATE NO ACTION;

--
-- Constraints for table `roles`
--
ALTER TABLE `roles`
  ADD CONSTRAINT `fk_roles_modules1` FOREIGN KEY (`role_homepage`) REFERENCES `modules` (`module_id`) ON DELETE NO ACTION ON UPDATE NO ACTION;

--
-- Constraints for table `users`
--
ALTER TABLE `users`
  ADD CONSTRAINT `fk_users_departments1` FOREIGN KEY (`dept_id`) REFERENCES `departments` (`dept_id`) ON DELETE NO ACTION ON UPDATE NO ACTION,
  ADD CONSTRAINT `fk_users_roles1` FOREIGN KEY (`role_id`) REFERENCES `roles` (`role_id`) ON DELETE NO ACTION ON UPDATE NO ACTION;

/*!40101 SET CHARACTER_SET_CLIENT=@OLD_CHARACTER_SET_CLIENT */;
/*!40101 SET CHARACTER_SET_RESULTS=@OLD_CHARACTER_SET_RESULTS */;
/*!40101 SET COLLATION_CONNECTION=@OLD_COLLATION_CONNECTION */;
